source,source_id,primary_turn_id,atom_id,atom_label,evidence_kind,disposition,decision_or_gate,canonical_task,stage,acceptance,result
user-session-2026-09-16-table-01,SETUP-001,01a0aa84-9ffe-7bf1-a557-79d02fc0388c,main,Я волёл как администратор и создал достаточное количество пользователей,self_report,context_evidence,D36,TECH-008,0,evidence_only,no_implementation_task
user-session-2026-09-16-table-01,AUTH-001,01a0aa92-bdd6-71b1-835a-457ca15d56ad,main,Поля входа не синхронизированы по ширине с кнопками,screenshot_plus_self_report,accepted_target,D36,BUG-028,3,AT-AUTH-009,target_pending_implementation
user-session-2026-09-16-table-01,AUTH-001,01a0aa92-bdd6-71b1-835a-457ca15d56ad,a01,input and action widths,screenshot_plus_self_report,accepted_target,D36,BUG-028,3,AT-AUTH-009,target_pending_implementation
user-session-2026-09-16-table-01,AUTH-001,01a0aa92-bdd6-71b1-835a-457ca15d56ad,a02,touch heights,screenshot_plus_self_report,accepted_target,D36,BUG-028,3,AT-AUTH-009,target_pending_implementation
user-session-2026-09-16-table-01,AUTH-002,01a0aa92-bdd6-71b1-835a-457ca15d56ad,main,«Показать пароль» не должно быть отдельной кнопкой,screenshot_plus_source_review,accepted_target,D36,BUG-028,3,AT-AUTH-009,target_pending_implementation
user-session-2026-09-16-table-01,AUTH-002,01a0aa92-bdd6-71b1-835a-457ca15d56ad,a01,password reveal inside field,screenshot_plus_source_review,accepted_target,D36,BUG-028,3,AT-AUTH-009,target_pending_implementation
user-session-2026-09-16-table-01,AUTH-003,01a0aa92-bdd6-71b1-835a-457ca15d56ad;01a0aa9d-878c-7630-a644-e7443300c2a4,main,"Это приближение не проходит, когда я скрываю клавиатуру",screenshot_plus_self_report,hypothesis_reproduce,reproduction_gate,BUG-040,3,AT-HOME-003,physical_device_pending
user-session-2026-09-16-table-01,AUTH-003,01a0aa92-bdd6-71b1-835a-457ca15d56ad;01a0aa9d-878c-7630-a644-e7443300c2a4,a01,zoom persists after keyboard dismiss,screenshot_plus_self_report,hypothesis_reproduce,reproduction_gate,BUG-040,3,AT-HOME-003,reproduce_before_acceptance
user-session-2026-09-16-table-01,AUTH-004,01a0aa92-bdd6-71b1-835a-457ca15d56ad,main,Внутренняя вторая обводка вообще не должна появляться,screenshot_plus_source_review,accepted_target,D36,BUG-028,3,AT-AUTH-009,target_pending_implementation
user-session-2026-09-16-table-01,AUTH-004,01a0aa92-bdd6-71b1-835a-457ca15d56ad,a01,single visible focus boundary without removing keyboard indicator,screenshot_plus_source_review,accepted_target,D36,BUG-020,3,AT-AUTH-009,target_pending_implementation
user-session-2026-09-16-table-01,HOME-001,01a0aba5-70fb-7fa1-92e4-d78b7526ac4c,main,Я не понимаю назначения кнопки «обновить»,screenshot_plus_source_review,accepted_target,D36,GAP-031,2,AT-LIVE-002,target_pending_implementation
user-session-2026-09-16-table-01,HOME-001,01a0aba5-70fb-7fa1-92e4-d78b7526ac4c,a01,background visible refresh instead of persistent manual Refresh,screenshot_plus_source_review,accepted_target,D36,GAP-031,2,AT-LIVE-002,target_pending_implementation
user-session-2026-09-16-table-01,HOME-001,01a0aba5-70fb-7fa1-92e4-d78b7526ac4c,a02,explicit Retry remains after failure,screenshot_plus_source_review,accepted_target,D36,GAP-031,2,AT-LIVE-002,target_pending_implementation
user-session-2026-09-16-table-01,HOME-002,01a0aba5-70fb-7fa1-92e4-d78b7526ac4c,main,"в шапке страницы должны остаться: Аватарка, имя, фамилия, место в рейтинге, далее кол-во матчей, побед и поражений",screenshot_plus_source_review,accepted_target,D36,GAP-031,2,AT-HOME-003,target_pending_implementation
user-session-2026-09-16-table-01,HOME-002,01a0aba5-70fb-7fa1-92e4-d78b7526ac4c,a01,compact avatar/name/surname/rank/matches/wins/losses,screenshot_plus_source_review,accepted_target,D36,GAP-031,2,AT-HOME-003,target_pending_implementation
user-session-2026-09-16-table-01,HOME-002,01a0aba5-70fb-7fa1-92e4-d78b7526ac4c,a02,secondary stats move to profile,screenshot_plus_source_review,accepted_target,D36,GAP-031,2,AT-HOME-003,target_pending_implementation
user-session-2026-09-16-table-01,HOME-002,01a0aba5-70fb-7fa1-92e4-d78b7526ac4c,a03,persistent greeting and rival callout removed from Home hierarchy,screenshot_plus_source_review,accepted_target,D36,GAP-031,2,AT-HOME-003,target_pending_implementation
user-session-2026-09-16-table-01,HOME-003,01a0aba5-70fb-7fa1-92e4-d78b7526ac4c,main,клик на некоторые цифры в статистике почему-то ведёт на страницу Гугл карт,screenshot_plus_self_report,hypothesis_reproduce,reproduction_gate,GAP-031,2,AT-HOME-003,app_cause_unproven
user-session-2026-09-16-table-01,HOME-003,01a0aba5-70fb-7fa1-92e4-d78b7526ac4c,a01,Maps destination requires reproduction; app cause unknown,screenshot_plus_self_report,hypothesis_reproduce,reproduction_gate,GAP-031,2,AT-HOME-003,reproduce_before_acceptance
user-session-2026-09-16-table-01,HOME-004,01a0aba5-70fb-7fa1-92e4-d78b7526ac4c,main,"Если в блоке «активные события» показать нечего, то вместо него должен быть блок «история игр»",screenshot_plus_self_report,accepted_target,D36,GAP-031,2,AT-HOME-003,target_pending_implementation
user-session-2026-09-16-table-01,HOME-004,01a0aba5-70fb-7fa1-92e4-d78b7526ac4c,a01,role-aware active events,screenshot_plus_self_report,accepted_target,D36,GAP-031,2,AT-HOME-003,target_pending_implementation
user-session-2026-09-16-table-01,HOME-004,01a0aba5-70fb-7fa1-92e4-d78b7526ac4c,a02,history fallback when no active event,screenshot_plus_self_report,accepted_target,D36,GAP-031,2,AT-HOME-002,target_pending_implementation
user-session-2026-09-16-table-01,HOME-004,01a0aba5-70fb-7fa1-92e4-d78b7526ac4c,a03,"Only mine means player events, not all judged events",screenshot_plus_self_report,needs_bounded_target,D36,GAP-031,2,AT-HOME-003,target_pending_implementation
user-session-2026-09-16-table-01,HOME-005,01a0aba5-70fb-7fa1-92e4-d78b7526ac4c,main,Предусмотри пустые состояния для всех блоков,screenshot_plus_source_review,accepted_target,D36,GAP-031,2,AT-HOME-003,target_pending_implementation
user-session-2026-09-16-table-01,HOME-005,01a0aba5-70fb-7fa1-92e4-d78b7526ac4c,a01,empty state for every dashboard block,screenshot_plus_source_review,accepted_target,D36,GAP-031,2,AT-HOME-002,target_pending_implementation
user-session-2026-09-16-table-01,HOME-005,01a0aba5-70fb-7fa1-92e4-d78b7526ac4c,a02,View all opens full history,screenshot_plus_source_review,accepted_target,D36,GAP-031,2,AT-HOME-003,target_pending_implementation
user-session-2026-09-16-table-01,HOME-005,01a0aba5-70fb-7fa1-92e4-d78b7526ac4c,a03,ranking top3 follows current tasks and history,screenshot_plus_source_review,accepted_target,D36,GAP-031,2,AT-HOME-003,target_pending_implementation
user-session-2026-09-16-table-01,HOME-006,01a0aba5-70fb-7fa1-92e4-d78b7526ac4c,main,Навигационный блок в нижней части экрана выглядит ортодоксально. Предлагаю от него избавиться,screenshot_plus_self_report,accepted_target,D36,GAP-030,2,AT-HOME-003,target_pending_implementation
user-session-2026-09-16-table-01,HOME-006,01a0aba5-70fb-7fa1-92e4-d78b7526ac4c,a01,no bottom tabs or universal menu,screenshot_plus_self_report,accepted_target,D36,GAP-030,2,AT-HOME-003,target_pending_implementation
user-session-2026-09-16-table-01,HOME-006,01a0aba5-70fb-7fa1-92e4-d78b7526ac4c,a02,profile and notifications still discoverable,screenshot_plus_self_report,accepted_target,D36,GAP-030,2,AT-HOME-003,target_pending_implementation
user-session-2026-09-16-table-01,HOME-007,01a0aba5-70fb-7fa1-92e4-d78b7526ac4c,main,Сами карточки проведенных ранее матчей ужасно перегружены информацией,screenshot_plus_source_review,accepted_target,D36,GAP-031,2,AT-HOME-003,target_pending_implementation
user-session-2026-09-16-table-01,HOME-007,01a0aba5-70fb-7fa1-92e4-d78b7526ac4c,a01,match cards keep players score duration winner,screenshot_plus_source_review,accepted_target,D36,GAP-031,2,AT-HOME-003,target_pending_implementation
user-session-2026-09-16-table-01,HOME-007,01a0aba5-70fb-7fa1-92e4-d78b7526ac4c,a02,secondary details remain accessible,screenshot_plus_source_review,accepted_target,D36,GAP-031,2,AT-HOME-003,target_pending_implementation
user-session-2026-09-16-table-01,HOME-007,01a0aba5-70fb-7fa1-92e4-d78b7526ac4c,a03,winner distinguishable by icon or name state,screenshot_plus_source_review,needs_bounded_target,D36,GAP-031,2,AT-HOME-003,target_pending_implementation
user-session-2026-09-16-table-01,U01-START-001,01a0ae50-1bf2-72c1-a4a5-c5fe9d12a946,main,"Я выбрал «матч», хотя сам экран показался мне пустым, а шаг лишним",self_report_plus_screenshot,accepted_target,D36,GAP-030,2,AT-HOME-003,target_pending_implementation
user-session-2026-09-16-table-01,U01-FORM-001,01a0ae50-1bf2-72c1-a4a5-c5fe9d12a946,main,Матчу нужно генерировать название автоматически после старта,screenshot_plus_source_review,decision_gate,Q-UX-006,GAP-013,5,AT-MATCH-017,timing_unresolved
user-session-2026-09-16-table-01,U01-FORM-001,01a0ae50-1bf2-72c1-a4a5-c5fe9d12a946,a01,automatic match name,screenshot_plus_source_review,accepted_target,D35,GAP-013,5,AT-MATCH-015,target_pending_implementation
user-session-2026-09-16-table-01,U01-FORM-001,01a0ae50-1bf2-72c1-a4a5-c5fe9d12a946,a02,name creation timing,screenshot_plus_source_review,decision_gate,Q-UX-006,GAP-013,5,AT-MATCH-015,pending_decision
user-session-2026-09-16-table-01,U01-FORM-001,01a0ae50-1bf2-72c1-a4a5-c5fe9d12a946,a03,"actual date and time, not fabricated future schedule",screenshot_plus_source_review,preserve_existing,D20,GAP-013,5,AT-MATCH-015,preserve_behavior
user-session-2026-09-16-table-01,U01-FORM-001,01a0ae50-1bf2-72c1-a4a5-c5fe9d12a946,a04,match history search by participant surnames,screenshot_plus_source_review,accepted_target,D36,GAP-024,10,AT-VIS-003,target_pending_implementation
user-session-2026-09-16-table-01,U01-FORM-002,01a0ae50-1bf2-72c1-a4a5-c5fe9d12a946,main,Более частым паттерном будет создать матч для подсчета очков других людей,screenshot_plus_source_review,accepted_target,D35,GAP-013,5,AT-MATCH-017,target_pending_implementation
user-session-2026-09-16-table-01,U01-FORM-002,01a0ae50-1bf2-72c1-a4a5-c5fe9d12a946,a01,1v1 and 2v2,screenshot_plus_source_review,preserve_existing,D35,GAP-013,5,AT-MATCH-016,preserve_behavior
user-session-2026-09-16-table-01,U01-FORM-002,01a0ae50-1bf2-72c1-a4a5-c5fe9d12a946,a02,creator playing is secondary and not default,screenshot_plus_source_review,accepted_target,D35,GAP-013,5,AT-MATCH-017,target_pending_implementation
user-session-2026-09-16-table-01,U01-FORM-003,01a0ae50-1bf2-72c1-a4a5-c5fe9d12a946,main,"Стоит дать выбор между 11, 21 и вводом своего значения",screenshot_plus_source_review,decision_gate,Q-UX-005,GAP-013,5,AT-MATCH-016,preset_ready_memory_unresolved
user-session-2026-09-16-table-01,U01-FORM-003,01a0ae50-1bf2-72c1-a4a5-c5fe9d12a946,a01,11/21/custom presets,screenshot_plus_source_review,accepted_target,D35,GAP-013,5,AT-MATCH-016,target_pending_implementation
user-session-2026-09-16-table-01,U01-FORM-003,01a0ae50-1bf2-72c1-a4a5-c5fe9d12a946,a02,numeric keyboard and reachable sheet,screenshot_plus_source_review,accepted_target,D36,GAP-013,5,AT-MATCH-016,target_pending_implementation
user-session-2026-09-16-table-01,U01-FORM-003,01a0ae50-1bf2-72c1-a4a5-c5fe9d12a946,a03,remembered custom value,screenshot_plus_source_review,decision_gate,Q-UX-005,GAP-013,5,AT-MATCH-016,pending_decision
user-session-2026-09-16-table-01,U01-FORM-003,01a0ae50-1bf2-72c1-a4a5-c5fe9d12a946,a04,plus/minus controls,screenshot_plus_source_review,needs_bounded_target,D36,GAP-013,5,AT-MATCH-016,target_pending_implementation
user-session-2026-09-16-table-01,U01-FORM-004,01a0ae50-1bf2-72c1-a4a5-c5fe9d12a946,main,инпут для ввода значения сухой победы находился в строке чекбокса сухой победы,screenshot_plus_source_review,accepted_target,D35,GAP-013,5,AT-MATCH-017,target_pending_implementation
user-session-2026-09-16-table-01,U01-FORM-004,01a0ae50-1bf2-72c1-a4a5-c5fe9d12a946,a01,mercy threshold in same row,screenshot_plus_source_review,accepted_target,D8,GAP-013,5,AT-MATCH-016,target_pending_implementation
user-session-2026-09-16-table-01,U01-FORM-004,01a0ae50-1bf2-72c1-a4a5-c5fe9d12a946,a02,formula rounding and range preserve D8,screenshot_plus_source_review,needs_bounded_target,D8,GAP-013,5,AT-MATCH-016,target_pending_implementation
user-session-2026-09-16-table-01,U01-FORM-005,01a0ae50-1bf2-72c1-a4a5-c5fe9d12a946,main,Строка выбора подачи тоже может быть доп фичей,screenshot_plus_source_review,accepted_target,D35,GAP-013,5,AT-MATCH-017,target_pending_implementation
user-session-2026-09-16-table-01,U01-FORM-005,01a0ae50-1bf2-72c1-a4a5-c5fe9d12a946,a01,serve selection in judge context,screenshot_plus_source_review,needs_bounded_target,D35,GAP-013,5,AT-MATCH-017,target_pending_implementation
user-session-2026-09-16-table-01,U01-FORM-005,01a0ae50-1bf2-72c1-a4a5-c5fe9d12a946,a02,coin flip and alert removal,screenshot_plus_source_review,needs_bounded_target,D35,GAP-013,5,AT-MATCH-017,target_pending_implementation
user-session-2026-09-16-table-01,U01-FORM-006,01a0ae50-1bf2-72c1-a4a5-c5fe9d12a946,main,Блок с «частым» и «недавним» соперником – классная штука,screenshot_plus_source_review,accepted_target,D35,GAP-013,5,AT-MATCH-017,target_pending_implementation
user-session-2026-09-16-table-01,U01-FORM-006,01a0ae50-1bf2-72c1-a4a5-c5fe9d12a946,a01,frequent/recent opponent contextual only,screenshot_plus_source_review,accepted_target,D35,GAP-013,5,AT-MATCH-016,target_pending_implementation
user-session-2026-09-16-table-01,U01-FORM-006,01a0ae50-1bf2-72c1-a4a5-c5fe9d12a946,a02,direct other-player selection,screenshot_plus_source_review,accepted_target,D35,GAP-013,5,AT-MATCH-017,target_pending_implementation
user-session-2026-09-16-table-01,U01-FORM-007,01a0ae50-1bf2-72c1-a4a5-c5fe9d12a946,main,Поле «судья» и вопрос про предложение пригласить предлагаю сейчас скрыть,screenshot_plus_source_review,accepted_target,D37,GAP-029,1,AT-UI-INV-001,target_pending_implementation
user-session-2026-09-16-table-01,U01-FORM-007,01a0ae50-1bf2-72c1-a4a5-c5fe9d12a946,a01,hide game invite and optional judge invitation UI,screenshot_plus_source_review,accepted_target,D37,GAP-029,1,AT-UI-INV-001,target_pending_implementation
user-session-2026-09-16-table-01,U01-FORM-007,01a0ae50-1bf2-72c1-a4a5-c5fe9d12a946,a02,automatic judge ownership requires separate decision,screenshot_plus_source_review,decision_gate,Q-UX-006,GAP-032,6,AT-JUDGE-001,pending_decision
user-session-2026-09-16-table-01,U01-FORM-007,01a0ae50-1bf2-72c1-a4a5-c5fe9d12a946,a03,history of people leading on shared phone,screenshot_plus_source_review,decision_gate,Q-UX-009,GAP-032,6,AT-JUDGE-002,pending_decision
user-session-2026-09-16-table-01,U01-FORM-008,01a0ae50-1bf2-72c1-a4a5-c5fe9d12a946,main,"можно просто добавить гостевую запись, чтобы в будущем не вводить это имя заново",screenshot_plus_source_review,decision_gate,Q-UX-004,GAP-013,5,AT-MATCH-013,guest_identity_unresolved
user-session-2026-09-16-table-01,U01-FORM-008,01a0ae50-1bf2-72c1-a4a5-c5fe9d12a946,a01,reusable guest identity,screenshot_plus_source_review,decision_gate,Q-UX-004,GAP-013,5,AT-MATCH-013,pending_decision
user-session-2026-09-16-table-01,U01-FORM-008,01a0ae50-1bf2-72c1-a4a5-c5fe9d12a946,a02,future account link collision/history/privacy,screenshot_plus_source_review,decision_gate,Q-UX-004,GAP-013,5,AT-MATCH-013,pending_decision
user-session-2026-09-16-table-01,U01-DETAIL-001,01a0afad-8b48-73e1-b8b4-f449f8ed77d0,main,Экран между настройками матча и судейством тоже лишний,screenshot_plus_source_review,accepted_target,D36,GAP-017,6,AT-HOME-003,target_pending_implementation
user-session-2026-09-16-table-01,U01-DETAIL-001,01a0afad-8b48-73e1-b8b4-f449f8ed77d0,a01,create to judge without redundant step,screenshot_plus_source_review,decision_gate,Q-UX-006,GAP-017,6,AT-HOME-003,pending_decision
user-session-2026-09-16-table-01,U01-DETAIL-001,01a0afad-8b48-73e1-b8b4-f449f8ed77d0,a02,prestart player side serve rules edits and partial errors,screenshot_plus_source_review,needs_bounded_target,D35,GAP-017,6,AT-MATCH-017,target_pending_implementation
user-session-2026-09-16-table-01,U01-DETAIL-001,01a0afad-8b48-73e1-b8b4-f449f8ed77d0,a03,suggested 1v1 11-point mercy-at-5 manual-server defaults need contract review,screenshot_plus_source_review,needs_bounded_target,D8,GAP-013,5,AT-MATCH-016,target_pending_implementation
user-session-2026-09-16-table-01,U01-DETAIL-002,01a0afad-8b48-73e1-b8b4-f449f8ed77d0,main,Соотнести счет и игрока невозможно,screenshot_plus_source_review,accepted_target,D36,GAP-017,6,AT-HOME-003,target_pending_implementation
user-session-2026-09-16-table-01,U01-DETAIL-002,01a0afad-8b48-73e1-b8b4-f449f8ed77d0,a01,"all system status chips read as information, not false buttons; icon or text communicates meaning",screenshot_plus_source_review,needs_bounded_target,inventory_target_gate,GAP-034,3,AT-UI-STATUS-001,target_pending_implementation
user-session-2026-09-16-table-01,U01-DETAIL-002,01a0afad-8b48-73e1-b8b4-f449f8ed77d0,a02,side and score association; first actual server,screenshot_plus_source_review,needs_bounded_target,D36,GAP-017,6,AT-MATCH-003,target_pending_implementation
user-session-2026-09-16-table-01,U01-DETAIL-002,01a0afad-8b48-73e1-b8b4-f449f8ed77d0,a03,match detail applies shared status semantics after stage 3 target,screenshot_plus_source_review,needs_bounded_target,inventory_target_gate,GAP-017,6,AT-UI-STATUS-001,target_pending_implementation
user-session-2026-09-16-table-01,U01-DETAIL-003,01a0afad-8b48-73e1-b8b4-f449f8ed77d0,main,Кнопок тут невероятное количество,screenshot_plus_source_review,accepted_target,D36,GAP-017,6,AT-HOME-003,target_pending_implementation
user-session-2026-09-16-table-01,U01-DETAIL-003,01a0afad-8b48-73e1-b8b4-f449f8ed77d0,a01,primary next action and secondary controls,screenshot_plus_source_review,accepted_target,D36,GAP-017,6,AT-HOME-003,target_pending_implementation
user-session-2026-09-16-table-01,U01-DETAIL-003,01a0afad-8b48-73e1-b8b4-f449f8ed77d0,a02,same roster/rules next match and replay,screenshot_plus_source_review,decision_gate,Q-UX-007,GAP-032,6,AT-MATCH-VOID-003,pending_decision
user-session-2026-09-16-table-01,U01-DETAIL-004,01a0afad-8b48-73e1-b8b4-f449f8ed77d0,main,"итоги матча будут удалены через 10 секунд и если это сделано случайно, то можно действие отменить",screenshot_plus_decision_review,decision_gate,Q-UX-008,GAP-032,6,AT-MATCH-VOID-003,immutable_result_preserved
user-session-2026-09-16-table-01,U01-DETAIL-004,01a0afad-8b48-73e1-b8b4-f449f8ed77d0,a01,ten second Undo,screenshot_plus_decision_review,decision_gate,Q-UX-008,GAP-032,6,AT-MATCH-VOID-003,pending_decision
user-session-2026-09-16-table-01,U01-DETAIL-004,01a0afad-8b48-73e1-b8b4-f449f8ed77d0,a02,archive versus immutable void,screenshot_plus_decision_review,decision_gate,Q-UX-008,GAP-032,6,AT-MATCH-VOID-004,pending_decision
user-session-2026-09-16-table-01,U01-JUDGE-001,01a0afad-8b48-73e1-b8b4-f449f8ed77d0,main,В наклоненном режиме наблюдаю странные белые поля в интерфейсе,screenshot_plus_source_review,hypothesis_reproduce,reproduction_gate,BUG-040,3,AT-HOME-003,physical_device_pending
user-session-2026-09-16-table-01,U01-JUDGE-001,01a0afad-8b48-73e1-b8b4-f449f8ed77d0,a01,landscape white gutters,screenshot_plus_source_review,hypothesis_reproduce,reproduction_gate,BUG-040,6,AT-HOME-003,reproduce_before_acceptance
user-session-2026-09-16-table-01,U01-JUDGE-001,01a0afad-8b48-73e1-b8b4-f449f8ed77d0,a02,portrait rotation hint and animation,screenshot_plus_source_review,needs_bounded_target,D36,GAP-032,6,AT-JUDGE-007,target_pending_implementation
user-session-2026-09-16-table-01,U01-JUDGE-001,01a0afad-8b48-73e1-b8b4-f449f8ed77d0,a03,dismissible rotation hint,screenshot_plus_source_review,needs_bounded_target,D36,GAP-032,6,AT-JUDGE-007,target_pending_implementation
user-session-2026-09-16-table-01,U01-JUDGE-002,01a0afad-8b48-73e1-b8b4-f449f8ed77d0,main,Всё формулировки сверху лишние и не добавляют пользы,screenshot_plus_source_review,needs_bounded_target,D24,GAP-032,6,AT-JUDGE-007,concept_not_verified
user-session-2026-09-16-table-01,U01-JUDGE-002,01a0afad-8b48-73e1-b8b4-f449f8ed77d0,a01,context prompt and timer,screenshot_plus_source_review,needs_bounded_target,D36,GAP-032,6,AT-JUDGE-007,target_pending_implementation
user-session-2026-09-16-table-01,U01-JUDGE-002,01a0afad-8b48-73e1-b8b4-f449f8ed77d0,a02,scroll text blink and persistent instruction placement,screenshot_plus_source_review,needs_bounded_target,D36,GAP-032,6,AT-JUDGE-007,target_pending_implementation
user-session-2026-09-16-table-01,U01-JUDGE-002,01a0afad-8b48-73e1-b8b4-f449f8ed77d0,a03,reduced motion,screenshot_plus_source_review,accepted_target,D36,GAP-032,6,AT-JUDGE-007,target_pending_implementation
user-session-2026-09-16-table-01,U01-JUDGE-003,01a0afad-8b48-73e1-b8b4-f449f8ed77d0,main,Дуболировать выбор подающего радио-кнопками – лишнее,screenshot_plus_source_review,needs_bounded_target,D24,GAP-032,6,AT-JUDGE-007,concept_not_verified
user-session-2026-09-16-table-01,U01-JUDGE-003,01a0afad-8b48-73e1-b8b4-f449f8ed77d0,a01,tap serve and icon,screenshot_plus_source_review,needs_bounded_target,D36,GAP-032,6,AT-MATCH-003,target_pending_implementation
user-session-2026-09-16-table-01,U01-JUDGE-003,01a0afad-8b48-73e1-b8b4-f449f8ed77d0,a02,small center swap and keyboard alternative to drag,screenshot_plus_source_review,needs_bounded_target,D36,GAP-032,6,AT-JUDGE-007,target_pending_implementation
user-session-2026-09-16-table-01,U01-JUDGE-003,01a0afad-8b48-73e1-b8b4-f449f8ed77d0,a03,service-wide icon consistency inventory and semantic target,screenshot_plus_source_review,needs_bounded_target,inventory_target_gate,GAP-034,3,AT-UI-STATUS-001,target_pending_implementation
user-session-2026-09-16-table-01,U01-JUDGE-004,01a0afad-8b48-73e1-b8b4-f449f8ed77d0,main,вся плашка игрока в матче является кнопкой,screenshot_plus_source_review,needs_bounded_target,D24,GAP-032,6,AT-JUDGE-007,concept_not_verified
user-session-2026-09-16-table-01,U01-JUDGE-004,01a0afad-8b48-73e1-b8b4-f449f8ed77d0,a01,whole player card scoring with scroll guard,screenshot_plus_source_review,needs_bounded_target,D36,GAP-032,6,AT-JUDGE-007,target_pending_implementation
user-session-2026-09-16-table-01,U01-JUDGE-004,01a0afad-8b48-73e1-b8b4-f449f8ed77d0,a02,start overlay no geometry shift,screenshot_plus_source_review,needs_bounded_target,D36,GAP-032,6,AT-JUDGE-007,target_pending_implementation
user-session-2026-09-16-table-01,U01-JUDGE-004,01a0afad-8b48-73e1-b8b4-f449f8ed77d0,a03,fast motion without bounce and visual separation,screenshot_plus_source_review,needs_bounded_target,D36,GAP-032,6,AT-JUDGE-007,target_pending_implementation
user-session-2026-09-16-table-01,U01-JUDGE-005,01a0afad-8b48-73e1-b8b4-f449f8ed77d0,main,После достижения победного очка предлагаю ... блюрить весь экран,self_report_plus_source_review,needs_bounded_target,D24,GAP-032,6,AT-JUDGE-007,concept_not_verified
user-session-2026-09-16-table-01,U01-JUDGE-005,01a0afad-8b48-73e1-b8b4-f449f8ed77d0,a01,blurred confirmation with explicit accept/continue,self_report_plus_source_review,needs_bounded_target,D24,GAP-032,6,AT-MATCH-008,target_pending_implementation
user-session-2026-09-16-table-01,U01-JUDGE-005,01a0afad-8b48-73e1-b8b4-f449f8ed77d0,a02,stable cards and prestart rules drawer,self_report_plus_source_review,needs_bounded_target,D36,GAP-032,6,AT-JUDGE-007,target_pending_implementation
user-session-2026-09-16-table-01,U01-JUDGE-005,01a0afad-8b48-73e1-b8b4-f449f8ed77d0,a03,active contextual menu,self_report_plus_source_review,needs_bounded_target,D36,GAP-032,6,AT-JUDGE-007,target_pending_implementation
user-session-2026-09-16-table-01,U01-JUDGE-006,01a0afad-8b48-73e1-b8b4-f449f8ed77d0,main,на какой минуте матча какой стороне был начислен балл. Начисление можно показывать как «+1»,self_report_plus_source_review,needs_bounded_target,D24,GAP-032,6,AT-JUDGE-007,concept_not_verified
user-session-2026-09-16-table-01,U01-JUDGE-006,01a0afad-8b48-73e1-b8b4-f449f8ed77d0,a01,timeline authoritative time/side/+1,self_report_plus_source_review,needs_bounded_target,D24,GAP-032,6,AT-JUDGE-007,target_pending_implementation
user-session-2026-09-16-table-01,U01-JUDGE-006,01a0afad-8b48-73e1-b8b4-f449f8ed77d0,a02,correction and Undo semantics,self_report_plus_source_review,needs_bounded_target,D24,GAP-032,6,AT-MATCH-005,target_pending_implementation
user-session-2026-09-16-table-01,U01-JUDGE-006,01a0afad-8b48-73e1-b8b4-f449f8ed77d0,a03,avoid unexplained long dash in log copy,self_report_plus_source_review,accepted_target,D36,GAP-032,6,AT-JUDGE-007,target_pending_implementation
user-session-2026-09-16-table-01,U01-EV-001,01a0afb2-23da-7bc2-800c-8c5ed0b3b220,main,side_B_first_server_radio_selected_and_matching_card_highlighted,screenshot,context_evidence,D36,TECH-008,0,evidence_only,no_implementation_task
user-session-2026-09-16-table-01,U01-EV-002,01a0afb2-23da-7bc2-800c-8c5ed0b3b220,main,active_judge_timer_and_expanded_more_menu_visible,screenshot,context_evidence,D36,TECH-008,0,evidence_only,no_implementation_task
user-session-2026-09-16-table-01,U01-EV-003,01a0afb2-23da-7bc2-800c-8c5ed0b3b220,main,deuce_10_to_10_and_two_separate_plus_one_buttons_visible,screenshot,context_evidence,D36,TECH-008,0,evidence_only,no_implementation_task
user-session-2026-09-16-table-01,U01-EV-004,01a0afb2-23da-7bc2-800c-8c5ed0b3b220,main,pending_confirmation_20_to_22_and_inline_finish_continue_buttons_visible,screenshot,context_evidence,D36,TECH-008,0,evidence_only,no_implementation_task
user-session-2026-09-16-table-01,U01-EV-005,01a0afb2-23da-7bc2-800c-8c5ed0b3b220,main,long_numbered_name_dash_point_log_without_time_visible,screenshot,context_evidence,D36,TECH-008,0,evidence_only,no_implementation_task
user-session-2026-09-16-table-01,U01-EV-006,01a0afb2-23da-7bc2-800c-8c5ed0b3b220,main,finished_match_card_20_to_22_with_displayed_duration_visible,screenshot,context_evidence,D36,TECH-008,0,evidence_only,no_implementation_task
user-session-2026-09-16-table-01,U01-CLAR-001,01a0afb5-2e48-7fc0-b934-68060cdb2df7,main,Я намеренно выбрал себя как игрока (в момент прохождения играл как администратор),self_report,context_evidence,D36,TECH-008,0,evidence_only,no_implementation_task
user-session-2026-09-16-table-01,SESSION-STOP,01a0b016-1d7d-7a31-820a-813aa4b0e93e,main,"Это не совсем исследовательская сессия, но я передал всю обратную связь по этому флоу, что хотел",self_report,context_evidence,D36,TECH-008,0,evidence_only,no_implementation_task
user-session-2026-09-17-tournament-01,T01-01,01a0b077-823f-7063-9250-d4124d07c5fd,main,Вход через «Начать» затем «Турнир»; открыт первый экран создания,self_report,accepted_target,D36,GAP-019,7,AT-TRN-024,target_pending_implementation
user-session-2026-09-17-tournament-01,T01-02,01a0b077-823f-7063-9250-d4124d07c5fd,main,"Видны заголовок «Турниры», «Обновить», предзаполненное название, Single/Double, два пункта выбора, пояснение и «Создать»",image,needs_bounded_target,D36,GAP-019,7,AT-TRN-024,copy_and_order_pending
user-session-2026-09-17-tournament-01,T01-03,01a0b077-823f-7063-9250-d4124d07c5fd,main,Заголовок и обновление кажутся лишними; название по умолчанию устраивает; дата проведения названа будущей возможностью,self_report,decision_gate,Q-UX-010,GAP-019,7,AT-TRN-024,date_future_unresolved
user-session-2026-09-17-tournament-01,T01-03,01a0b077-823f-7063-9250-d4124d07c5fd,a01,positive default title,self_report,preserve_positive,D36,GAP-019,7,AT-TRN-021,preserve_behavior
user-session-2026-09-17-tournament-01,T01-03,01a0b077-823f-7063-9250-d4124d07c5fd,a02,future date scheduling,self_report,decision_gate,Q-UX-010,GAP-019,7,AT-TRN-024,pending_decision
user-session-2026-09-17-tournament-01,T01-04,01a0b077-823f-7063-9250-d4124d07c5fd,main,Single/Double неясны без размышления о сетке,self_report,needs_bounded_target,D36,GAP-019,7,AT-TRN-024,copy_and_order_pending
user-session-2026-09-17-tournament-01,T01-04,01a0b077-823f-7063-9250-d4124d07c5fd,a01,enable losers bracket instead of Single/Double,self_report,accepted_target,D36,GAP-019,7,AT-TRN-024,target_pending_implementation
user-session-2026-09-17-tournament-01,T01-05,01a0b077-823f-7063-9250-d4124d07c5fd,main,"Участие организатора понятно, но пункт кажется странным",self_report,needs_bounded_target,D36,GAP-019,7,AT-TRN-024,copy_and_order_pending
user-session-2026-09-17-tournament-01,T01-05,01a0b077-823f-7063-9250-d4124d07c5fd,a01,organizer self-participation remains optional,self_report,preserve_existing,D35,GAP-019,7,AT-TRN-003,preserve_behavior
user-session-2026-09-17-tournament-01,T01-06,01a0b077-823f-7063-9250-d4124d07c5fd,main,Пункт согласия и пояснение воспринимаются как шум,self_report,accepted_target,D37,GAP-029,1,AT-UI-INV-001,target_pending_implementation
user-session-2026-09-17-tournament-01,T01-06,01a0b077-823f-7063-9250-d4124d07c5fd,a01,hide consent setting and policy copy,self_report,accepted_target,D37,GAP-029,1,AT-UI-INV-001,target_pending_implementation
user-session-2026-09-17-tournament-01,T01-06,01a0b077-823f-7063-9250-d4124d07c5fd,a02,direct roster default false consent,self_report,accepted_target,D37,GAP-029,1,AT-TRN-022,target_pending_implementation
user-session-2026-09-17-tournament-01,T01-07,01a0b077-823f-7063-9250-d4124d07c5fd,main,Первый экран кажется лишним промежуточным шагом и не показывает этап до готовой сетки,self_report,accepted_target,D36,GAP-019,7,AT-TRN-024,target_pending_implementation
user-session-2026-09-17-tournament-01,T01-07,01a0b077-823f-7063-9250-d4124d07c5fd,a01,rules on first authoritative step,self_report,needs_bounded_target,D36,GAP-019,7,AT-TRN-024,target_pending_implementation
user-session-2026-09-17-tournament-01,T01-07,01a0b077-823f-7063-9250-d4124d07c5fd,a02,visible progress toward bracket,self_report,accepted_target,D36,GAP-019,7,AT-TRN-024,target_pending_implementation
user-session-2026-09-17-tournament-01,T02-01,01a0b08c-ced1-7311-b8cc-b3075954d602,main,После «Создать» открыт второй этап с повторным согласованием правил,self_report,accepted_target,D36,GAP-019,7,AT-TRN-024,target_pending_implementation
user-session-2026-09-17-tournament-01,T02-02,01a0b08c-ced1-7311-b8cc-b3075954d602,main,"Видны summary правил, «Изменить», «Обновить» и пустой состав",image,accepted_target,D36,GAP-019,7,AT-TRN-024,target_pending_implementation
user-session-2026-09-17-tournament-01,T02-03,01a0b08c-ced1-7311-b8cc-b3075954d602,main,"В открытых настройках видны native select, 11 очков, правило преимущества и разница 5",image,accepted_target,D36,GAP-019,7,AT-TRN-024,target_pending_implementation
user-session-2026-09-17-tournament-01,T02-04,01a0b08c-ced1-7311-b8cc-b3075954d602,main,Формат и правило преимущества непонятны; повторение настроек и «Обновить» мешают,self_report,accepted_target,D36,GAP-019,7,AT-TRN-024,target_pending_implementation
user-session-2026-09-17-tournament-01,T02-04,01a0b08c-ced1-7311-b8cc-b3075954d602,a01,single source of rules; later read-only summary,self_report,accepted_target,D36,GAP-019,7,AT-TRN-024,target_pending_implementation
user-session-2026-09-17-tournament-01,T02-04,01a0b08c-ced1-7311-b8cc-b3075954d602,a02,prestart return to edit; no duplicate refresh,self_report,needs_bounded_target,D35,GAP-019,7,AT-TRN-024,target_pending_implementation
user-session-2026-09-17-tournament-01,T02-04,01a0b08c-ced1-7311-b8cc-b3075954d602,a03,advantage rule in player language,self_report,needs_bounded_target,D36,GAP-019,7,AT-TRN-024,target_pending_implementation
user-session-2026-09-17-tournament-01,T02-05,01a0b08c-ced1-7311-b8cc-b3075954d602,main,Есть три отдельных поля добавления и блок «Итоги» до игр,image,accepted_target,D36,GAP-019,7,AT-TRN-024,target_pending_implementation
user-session-2026-09-17-tournament-01,T02-06,01a0b08c-ced1-7311-b8cc-b3075954d602,main,Браузерный системный confirm запрашивает прямое добавление тестового игрока,image,accepted_target,D35,GAP-021,7,AT-TRN-022,target_pending_implementation
user-session-2026-09-17-tournament-01,T02-07,01a0b08c-ced1-7311-b8cc-b3075954d602,main,"Показаны «Игрок добавлен», состав 1 и кнопка «Удалить»",image,accepted_target,D35,GAP-021,7,AT-TRN-022,target_pending_implementation
user-session-2026-09-17-tournament-01,T02-08,01a0b08c-ced1-7311-b8cc-b3075954d602,main,Видны «Построить сетку» и состав 9 с крупными кнопками «Удалить»,image,accepted_target,D35,GAP-021,7,AT-TRN-022,target_pending_implementation
user-session-2026-09-17-tournament-01,T02-09,01a0b08c-ced1-7311-b8cc-b3075954d602,main,До игр показана таблица девяти участников с нулевыми очками и матчами,image,accepted_target,D36,BUG-033,8,AT-TRN-013,target_pending_implementation
user-session-2026-09-17-tournament-01,T02-10,01a0b08c-ced1-7311-b8cc-b3075954d602,main,"Отдельные поля, системный confirm, порядок списка и большие «Удалить» кажутся переусложнением",self_report,accepted_target,D35,GAP-021,7,AT-TRN-022,target_pending_implementation
user-session-2026-09-17-tournament-01,T02-10,01a0b08c-ced1-7311-b8cc-b3075954d602,a01,one roster input and ordered list,self_report,needs_bounded_target,D36,GAP-019,7,AT-TRN-024,target_pending_implementation
user-session-2026-09-17-tournament-01,T02-10,01a0b08c-ced1-7311-b8cc-b3075954d602,a02,guest fallback cannot silently create on typo,self_report,decision_gate,Q-UX-004,GAP-019,7,AT-TRN-024,pending_decision
user-session-2026-09-17-tournament-01,T02-10,01a0b08c-ced1-7311-b8cc-b3075954d602,a03,remove ordinary native confirm; preserve required warning,self_report,accepted_target,D35,GAP-021,7,AT-TRN-022,target_pending_implementation
user-session-2026-09-17-tournament-01,T02-10,01a0b08c-ced1-7311-b8cc-b3075954d602,a04,compact removal with keyboard label,self_report,needs_bounded_target,D36,GAP-019,7,AT-TRN-024,target_pending_implementation
user-session-2026-09-17-tournament-01,T02-11,01a0b08c-ced1-7311-b8cc-b3075954d602,main,Блок «Итоги» до турнира кажется ненужным,self_report,accepted_target,D36,BUG-033,8,AT-TRN-013,target_pending_implementation
user-session-2026-09-17-tournament-01,T02-11,01a0b08c-ced1-7311-b8cc-b3075954d602,a01,hide zero result before play,self_report,accepted_target,D36,BUG-033,8,AT-TRN-013,target_pending_implementation
user-session-2026-09-17-tournament-01,T02-11,01a0b08c-ced1-7311-b8cc-b3075954d602,a02,top3 primary; full summary secondary,self_report,accepted_target,D36,BUG-033,8,AT-TRN-013,target_pending_implementation
user-session-2026-09-17-tournament-01,T03-01,01a0b0a5-0e89-73a0-ac2d-f404aa446c76,main,В диалоге есть компактная и классическая сетка с объяснением,image,preserve_positive,D36,GAP-020,8,AT-TRN-010,explanation_retained
user-session-2026-09-17-tournament-01,T03-02,01a0b0a5-0e89-73a0-ac2d-f404aa446c76,main,К выбору способа замечаний нет кроме иконки заголовка,self_report,preserve_positive,D36,GAP-020,8,AT-TRN-010,explanation_retained
user-session-2026-09-17-tournament-01,T03-02,01a0b0a5-0e89-73a0-ac2d-f404aa446c76,a01,compact/classic explanation positive,self_report,preserve_positive,D36,GAP-020,8,AT-TRN-010,preserve_behavior
user-session-2026-09-17-tournament-01,T03-02,01a0b0a5-0e89-73a0-ac2d-f404aa446c76,a02,context icon refinement,self_report,needs_bounded_target,D36,GAP-020,8,AT-TRN-010,target_pending_implementation
user-session-2026-09-17-tournament-01,T03-03,01a0b0a5-0e89-73a0-ac2d-f404aa446c76,main,"До сетки видны summary, note, success alert, четыре lifecycle buttons и начало roster",image,accepted_target,D36,GAP-019,8,AT-TRN-024,target_pending_implementation
user-session-2026-09-17-tournament-01,T03-04,01a0b0a5-0e89-73a0-ac2d-f404aa446c76,main,Сетка по словам участника видна только на третьем прокручивании,self_report,accepted_target,D36,GAP-019,8,AT-TRN-024,target_pending_implementation
user-session-2026-09-17-tournament-01,T03-04,01a0b0a5-0e89-73a0-ac2d-f404aa446c76,a01,bracket first,self_report,accepted_target,D36,GAP-019,8,AT-TRN-024,target_pending_implementation
user-session-2026-09-17-tournament-01,T03-04,01a0b0a5-0e89-73a0-ac2d-f404aa446c76,a02,compact read-only summary and no roster duplication,self_report,accepted_target,D36,GAP-019,8,AT-TRN-024,target_pending_implementation
user-session-2026-09-17-tournament-01,T03-05,01a0b0a5-0e89-73a0-ac2d-f404aa446c76,main,"До band видны девять seed, поздний add и второй «Изменить способ построения», два select и «Поменять позиции»",image,accepted_target,D36,GAP-019,8,AT-TRN-024,target_pending_implementation
user-session-2026-09-17-tournament-01,T03-06,01a0b0a5-0e89-73a0-ac2d-f404aa446c76,main,"В победительском band есть стрелки, 100%, disabled minus, plus; на показанном участке нет соединительных линий",image,needs_bounded_target,D36,GAP-020,8,AT-TRN-010,geometry_requires_browser
user-session-2026-09-17-tournament-01,T03-06,01a0b0a5-0e89-73a0-ac2d-f404aa446c76,a01,zoom below 100 percent or full overview without illegible text,image,needs_bounded_target,D36,GAP-020,8,AT-TRN-010,target_pending_implementation
user-session-2026-09-17-tournament-01,T03-07,01a0b0a5-0e89-73a0-ac2d-f404aa446c76,main,Рендер connector требует known winnerSide; zoom ограничен 100–150%,source_review,needs_bounded_target,D36,GAP-020,8,AT-TRN-010,geometry_requires_browser
user-session-2026-09-17-tournament-01,T03-07,01a0b0a5-0e89-73a0-ac2d-f404aa446c76,a01,connector render source hypothesis; target potential edges,source_review,hypothesis_reproduce,reproduction_gate,GAP-020,8,AT-TRN-010,reproduce_before_acceptance
user-session-2026-09-17-tournament-01,T03-08,01a0b0a5-0e89-73a0-ac2d-f404aa446c76,main,Отдельный third-place band с навигацией и масштабом; соседний scroll-region визуально обрезает край карточки,image,needs_bounded_target,D36,GAP-020,8,AT-TRN-010,geometry_requires_browser
user-session-2026-09-17-tournament-01,T03-08,01a0b0a5-0e89-73a0-ac2d-f404aa446c76,a01,third-place match remains accessible,image,preserve_existing,D36,GAP-033,8,AT-TRN-010,preserve_behavior
user-session-2026-09-17-tournament-01,T03-08,01a0b0a5-0e89-73a0-ac2d-f404aa446c76,a02,remove redundant separate zoom and arrows for one third-place match; preserve global bracket overview,image,needs_bounded_target,D36,GAP-033,8,AT-TRN-010,target_pending_implementation
user-session-2026-09-17-tournament-01,T03-08,01a0b0a5-0e89-73a0-ac2d-f404aa446c76,a03,clipped neighboring scroll region requires rendered review,image,hypothesis_reproduce,reproduction_gate,GAP-033,8,AT-TRN-010,reproduce_before_acceptance
user-session-2026-09-17-tournament-01,T03-09,01a0b0a5-0e89-73a0-ac2d-f404aa446c76,main,Участник не понимает путь победителей между раундами и просит связи к конкретному месту следующей пары,self_report,needs_bounded_target,D36,GAP-020,8,AT-TRN-010,geometry_requires_browser
user-session-2026-09-17-tournament-01,T03-09,01a0b0a5-0e89-73a0-ac2d-f404aa446c76,a01,potential edges to exact next slots before known winner,self_report,needs_bounded_target,D36,GAP-020,8,AT-TRN-010,target_pending_implementation
user-session-2026-09-17-tournament-01,T03-10,01a0b0a5-0e89-73a0-ac2d-f404aa446c76,main,"Изменение способа, seed selectors, поздний add, третье место controls и избыток кнопок воспринимаются как лишние",self_report,accepted_target,D36,GAP-019,8,AT-TRN-024,target_pending_implementation
user-session-2026-09-17-tournament-01,T03-10,01a0b0a5-0e89-73a0-ac2d-f404aa446c76,a01,seed/swap/late add/method change preserved in context,self_report,preserve_existing,D35,GAP-019,8,AT-TRN-006,preserve_behavior
user-session-2026-09-17-tournament-01,T03-10,01a0b0a5-0e89-73a0-ac2d-f404aa446c76,a02,cancel/dissolve/back have explicit consequences,self_report,accepted_target,D35,BUG-032,8,AT-TRN-007,target_pending_implementation
user-session-2026-09-17-tournament-01,T03-10,01a0b0a5-0e89-73a0-ac2d-f404aa446c76,a03,"cancel confirmation sheet is a presentation proposal, safeguard required",self_report,needs_bounded_target,D35,BUG-032,8,AT-TRN-014,target_pending_implementation
user-session-2026-09-17-tournament-01,T03-10,01a0b0a5-0e89-73a0-ac2d-f404aa446c76,a04,third-place match remains reachable; redundant local controls can be removed,self_report,needs_bounded_target,D36,GAP-033,8,AT-TRN-010,target_pending_implementation
user-session-2026-09-17-tournament-01,T03-10,01a0b0a5-0e89-73a0-ac2d-f404aa446c76,a05,use nonblocking snackbar or no redundant success alert; keep errors visible,self_report,needs_bounded_target,D36,GAP-019,8,AT-TRN-024,target_pending_implementation
user-session-2026-09-17-tournament-01,T03-11,01a0b0a5-0e89-73a0-ac2d-f404aa446c76,main,Сообщено об ощущении перекрытия сетки блоком третьего места при прокрутке вверх,self_report,needs_bounded_target,D36,GAP-020,8,AT-TRN-010,geometry_requires_browser
user-session-2026-09-17-tournament-01,T03-11,01a0b0a5-0e89-73a0-ac2d-f404aa446c76,a01,"scroll overlap is hypothesis, reproduce first",self_report,hypothesis_reproduce,reproduction_gate,GAP-020,8,AT-TRN-010,reproduce_before_acceptance
user-session-2026-09-17-tournament-01,T04-01,01a0b0bb-e589-7a12-8c1d-e1f41ac255a0,main,"Виден статус «Идёт», «Турнир стартовал», текущие матчи и повторные summary/note",image,accepted_target,D36,GAP-019,8,AT-TRN-024,target_pending_implementation
user-session-2026-09-17-tournament-01,T04-02,01a0b0bb-e589-7a12-8c1d-e1f41ac255a0,main,Участник сообщил о старте и проведении матча; вход в матч из сетки удобен,self_report,accepted_target,D36,GAP-019,8,AT-TRN-024,target_pending_implementation
user-session-2026-09-17-tournament-01,T04-02,01a0b0bb-e589-7a12-8c1d-e1f41ac255a0,a01,bracket to match is positive and returns to same bracket,self_report,preserve_positive,D36,GAP-030,8,AT-HOME-003,preserve_behavior
user-session-2026-09-17-tournament-01,T04-03,01a0b0bb-e589-7a12-8c1d-e1f41ac255a0,main,Текущие матчи показаны отдельным списком и в сетке с действиями «Судить»,image,accepted_target,D36,GAP-019,8,AT-TRN-024,target_pending_implementation
user-session-2026-09-17-tournament-01,T04-04,01a0b0bb-e589-7a12-8c1d-e1f41ac255a0,main,"Видны счёт, победители, fate icons, «Открыть» и готовый финал с «Судить»",image,needs_bounded_target,D36,GAP-020,8,AT-TRN-010,geometry_requires_browser
user-session-2026-09-17-tournament-01,T04-05,01a0b0bb-e589-7a12-8c1d-e1f41ac255a0,main,Иконки исходов неясны и по словам участника сдвигают очки; путь победителя не виден,self_report,needs_bounded_target,D36,GAP-020,8,AT-TRN-010,geometry_requires_browser
user-session-2026-09-17-tournament-01,T04-05,01a0b0bb-e589-7a12-8c1d-e1f41ac255a0,a01,clear outcome icon and stable score,self_report,needs_bounded_target,D36,GAP-020,8,AT-TRN-010,target_pending_implementation
user-session-2026-09-17-tournament-01,T04-05,01a0b0bb-e589-7a12-8c1d-e1f41ac255a0,a02,winner path to next exact slot,self_report,needs_bounded_target,D36,GAP-020,8,AT-TRN-010,target_pending_implementation
user-session-2026-09-17-tournament-01,T04-06,01a0b0bb-e589-7a12-8c1d-e1f41ac255a0,main,Открытие сетки не переводит к рабочему этапу и матчу,self_report,needs_bounded_target,D36,GAP-020,8,AT-TRN-010,geometry_requires_browser
user-session-2026-09-17-tournament-01,T04-06,01a0b0bb-e589-7a12-8c1d-e1f41ac255a0,a01,viewport closest ready in minimum unfinished stage,self_report,needs_bounded_target,D36,GAP-020,8,AT-TRN-009,target_pending_implementation
user-session-2026-09-17-tournament-01,T04-06,01a0b0bb-e589-7a12-8c1d-e1f41ac255a0,a02,does not prohibit parallel ready matches or steal keyboard focus,self_report,preserve_existing,D36,GAP-020,8,AT-TRN-009,preserve_behavior
user-session-2026-09-17-tournament-01,T04-07,01a0b0bb-e589-7a12-8c1d-e1f41ac255a0,main,Поздние раунды уходят вниз на мобильном,self_report,needs_bounded_target,D36,GAP-020,8,AT-TRN-010,geometry_requires_browser
user-session-2026-09-17-tournament-01,T04-07,01a0b0bb-e589-7a12-8c1d-e1f41ac255a0,a01,late vertical drift and alignment,self_report,needs_bounded_target,D36,GAP-020,8,AT-TRN-010,target_pending_implementation
user-session-2026-09-17-tournament-01,T04-07,01a0b0bb-e589-7a12-8c1d-e1f41ac255a0,a02,fullscreen bracket view,self_report,needs_bounded_target,D36,GAP-020,8,AT-TRN-010,target_pending_implementation
user-session-2026-09-17-tournament-01,T04-08,01a0b0bb-e589-7a12-8c1d-e1f41ac255a0,main,Виден статус «Завершён» и имя чемпиона,image,accepted_target,D36,BUG-033,8,AT-TRN-013,target_pending_implementation
user-session-2026-09-17-tournament-01,T04-08,01a0b0bb-e589-7a12-8c1d-e1f41ac255a0,a01,finished champion positive; stopped tournament has no champion,image,accepted_target,D36,BUG-033,8,AT-TRN-012,target_pending_implementation
user-session-2026-09-17-tournament-01,T04-09,01a0b0bb-e589-7a12-8c1d-e1f41ac255a0,main,Виден app summary девяти сыгранных матчей; очки мест 1/2/3 — 21/11/27,image,accepted_target,D36,BUG-033,8,AT-TRN-013,target_pending_implementation
user-session-2026-09-17-tournament-01,T04-09,01a0b0bb-e589-7a12-8c1d-e1f41ac255a0,a01,"21/11/27 are distinct game-point sums, not ranking proof",image,preserve_existing,D36,BUG-033,8,AT-TRN-013,preserve_behavior
user-session-2026-09-17-tournament-01,T04-10,01a0b0bb-e589-7a12-8c1d-e1f41ac255a0,main,Третье место с большим числом очков чем первое воспринимается странно,self_report,accepted_target,D36,BUG-033,8,AT-TRN-013,target_pending_implementation
user-session-2026-09-17-tournament-01,T04-10,01a0b0bb-e589-7a12-8c1d-e1f41ac255a0,a01,placement and point sum are distinct metrics,self_report,accepted_target,D36,BUG-033,8,AT-TRN-013,target_pending_implementation
user-session-2026-09-17-tournament-01,T04-10,01a0b0bb-e589-7a12-8c1d-e1f41ac255a0,a02,full stats remain secondary,self_report,accepted_target,D36,BUG-033,8,AT-TRN-013,target_pending_implementation
user-session-2026-09-17-tournament-01,T04-11,01a0b0bb-e589-7a12-8c1d-e1f41ac255a0,main,Финал расположен низко; при текущем горизонтальном положении карточки частично обрезаны слева,image,needs_bounded_target,D36,GAP-020,8,AT-TRN-010,geometry_requires_browser
user-session-2026-09-17-tournament-01,T04-12,01a0b0bb-e589-7a12-8c1d-e1f41ac255a0,main,Поздние раунды получают растущий paddingTop; автоматического перехода к готовому матчу в band нет,source_review,needs_bounded_target,D36,GAP-020,8,AT-TRN-010,geometry_requires_browser
user-session-2026-09-17-tournament-01,T05-01,01a0b0c0-83af-7be2-b378-eb3eab7871c6,main,Участник попросил остановить ревью и передать написанное оркестратору,self_report,context_evidence,D36,TECH-008,0,evidence_only,no_implementation_task
user-session-2026-09-17-tournament-01,T05-02,01a0b0c0-83af-7be2-b378-eb3eab7871c6,main,Участник отдельно попросил зафиксировать откладывание приглашений на участие,self_report,accepted_target,D37,GAP-029,1,AT-UI-INV-001,target_pending_implementation
user-session-2026-09-17-tournament-01,T05-02,01a0b0c0-83af-7be2-b378-eb3eab7871c6,a01,invitation response scenario untested,self_report,context_evidence,D37,TECH-008,0,evidence_only,target_pending_implementation
expert-stage-08,BUG-018,expert_package,main,Выбор игрока с клавиатуры сохраняет доступную активную опцию и фокус,expert_review,reconciled_target,existing_ADR_and_AT,BUG-018,3,AT-MATCH-013,historical_target_reconciled_not_implemented
expert-stage-08,BUG-019,expert_package,main,Поле выбора и активный вариант видимы над клавиатурой и safe area,expert_review,superseded_target,D36,BUG-019,3,AT-MATCH-016;AT-MATCH-013,historical_target_reconciled_not_implemented
expert-stage-08,BUG-020,expert_package,main,Фокус и выбранное состояние имеют согласованные границы,expert_review,reconciled_target,existing_ADR_and_AT,BUG-020,3,AT-AUTH-009,historical_target_reconciled_not_implemented
expert-stage-08,BUG-021,expert_package,main,Ошибка построения сетки видна в открытом диалоге,expert_review,reconciled_target,existing_ADR_and_AT,BUG-021,3,AT-TRN-001,historical_target_reconciled_not_implemented
expert-stage-08,BUG-022,expert_package,main,Действия диалога честно показывают доступность во время запроса,expert_review,decision_gate,existing_ADR_and_AT,BUG-022,3,AT-TRN-004,pending_decision
expert-stage-08,BUG-023,expert_package,main,Поиск игрока принимает имя и фамилию в любом порядке,expert_review,reconciled_target,existing_ADR_and_AT,BUG-023,3,AT-MATCH-016,historical_target_reconciled_not_implemented
expert-stage-08,GAP-013,expert_package,main,Состав матча предшествует редким настройкам,expert_review,superseded_target,D36,GAP-013,5,AT-MATCH-016;AT-MATCH-013;AT-AUTH-009;AT-UI-INV-001,historical_target_reconciled_not_implemented
expert-stage-08,BUG-024,expert_package,main,Ошибка и подписи полей счёта читаются в тёмном режиме,expert_review,reconciled_target,existing_ADR_and_AT,BUG-024,3,AT-MATCH-007,historical_target_reconciled_not_implemented
expert-stage-08,BUG-025,expert_package,main,"Селектор игроков различает загрузку, пустой результат и ошибку",expert_review,reconciled_target,existing_ADR_and_AT,BUG-025,3,AT-TRN-004;AT-TEAM-001,historical_target_reconciled_not_implemented
expert-stage-08,BUG-026,expert_package,main,Отправленная конфигурация не расходится с редактируемой формой,expert_review,reconciled_target,existing_ADR_and_AT,BUG-026,3,AT-MATCH-017;AT-TRN-004,historical_target_reconciled_not_implemented
expert-stage-08,BUG-027,expert_package,main,Выход при первом пароле завершает текущую сессию,expert_review,reconciled_target,existing_ADR_and_AT,BUG-027,3,AT-AUTH-001,historical_target_reconciled_not_implemented
expert-stage-08,BUG-028,expert_package,main,Ошибки авторизации дают понятное исправление и сохраняют фокус,expert_review,reconciled_target,existing_ADR_and_AT,BUG-028,3,AT-AUTH-003,historical_target_reconciled_not_implemented
expert-stage-08,GAP-014,expert_package,main,В обучении каждое действие имеет отдельный смысл,expert_review,reconciled_target,existing_ADR_and_AT,GAP-014,13,AT-ONB-003,historical_target_reconciled_not_implemented
expert-stage-08,GAP-015,expert_package,main,Главная сначала показывает действие у стола и текущий статус ведения,expert_review,superseded_target,D36,GAP-015,2,AT-HOME-003;AT-HOME-001;AT-EMPTY-001;AT-VIS-001,historical_target_reconciled_not_implemented
expert-stage-08,GAP-016,expert_package,main,Описание проблемы в помощи поддерживает несколько строк,expert_review,reconciled_target,existing_ADR_and_AT,GAP-016,13,AT-AUTH-009,historical_target_reconciled_not_implemented
expert-stage-08,BUG-029,expert_package,main,Не предлагать повтор уже сохранённого очка после потери ответа,expert_review,reconciled_target,existing_ADR_and_AT,BUG-029,4,AT-JUDGE-007,historical_target_reconciled_not_implemented
expert-stage-08,GAP-017,expert_package,main,Следующее действие матча соответствует состоянию и правам,expert_review,superseded_target,D36,GAP-017,6,AT-UI-INV-001;AT-HOME-003;AT-MATCH-013,historical_target_reconciled_not_implemented
expert-stage-08,GAP-018,expert_package,main,Повторно открыть игровые приглашения только по отдельному решению,expert_review,superseded_target,Q-UX-011,GAP-018,0,AT-UI-INV-001,historical_target_reconciled_not_implemented
expert-stage-08,BUG-030,expert_package,main,Отмена матча имеет правильное название и необязательную причину,expert_review,reconciled_target,existing_ADR_and_AT,BUG-030,6,AT-MATCH-CANCEL-001,historical_target_reconciled_not_implemented
expert-stage-08,BUG-031,expert_package,main,Ручная коррекция счёта сохраняет управляемый фокус,expert_review,reconciled_target,existing_ADR_and_AT,BUG-031,4,AT-JUDGE-010,historical_target_reconciled_not_implemented
expert-stage-08,BUG-032,expert_package,main,"Подтверждать последствия отмены турнира, роспуска и выхода из готовой сетки",expert_review,reconciled_target,existing_ADR_and_AT,BUG-032,8,AT-TRN-007,historical_target_reconciled_not_implemented
expert-stage-08,BUG-033,expert_package,main,Показывать итог турнира только после возникновения результата,expert_review,superseded_target,D36,BUG-033,8,AT-TRN-012;AT-TRN-013,historical_target_reconciled_not_implemented
expert-stage-08,GAP-019,expert_package,main,Собрать экран турнира вокруг состава и ближайшей игровой задачи,expert_review,superseded_target,D36,GAP-019,7,AT-TRN-024;AT-TRN-022;AT-TRN-012;AT-UI-INV-001;AT-TRN-004,historical_target_reconciled_not_implemented
expert-stage-08,GAP-020,expert_package,main,Дать более компактный обзор сетки без уменьшения читаемости,expert_review,reconciled_target,existing_ADR_and_AT,GAP-020,8,AT-TRN-009,historical_target_reconciled_not_implemented
expert-stage-08,GAP-021,expert_package,main,Убрать лишнее подтверждение обычного прямого добавления в состав,expert_review,reconciled_target,existing_ADR_and_AT,GAP-021,7,AT-TRN-022,historical_target_reconciled_not_implemented
expert-stage-08,GAP-023,expert_package,main,Называть действия ведения игры понятными словами,expert_review,reconciled_target,existing_ADR_and_AT,GAP-023,6,AT-JUDGE-002,historical_target_reconciled_not_implemented
expert-stage-08,GAP-022,expert_package,main,"Открывать команды через список, сохранив одну встроенную форму создания",expert_review,reconciled_target,existing_ADR_and_AT,GAP-022,9,AT-TEAM-001,historical_target_reconciled_not_implemented
expert-stage-08,BUG-034,expert_package,main,Ошибка настройки команды видна рядом с сохранением,expert_review,reconciled_target,existing_ADR_and_AT,BUG-034,9,AT-TEAM-001,historical_target_reconciled_not_implemented
expert-stage-08,BUG-035,expert_package,main,Подтверждать исключение участника и передачу капитанства,expert_review,reconciled_target,existing_ADR_and_AT,BUG-035,9,AT-TEAM-001,historical_target_reconciled_not_implemented
expert-stage-08,GAP-024,expert_package,main,История показывает участников и контекст найденного события,expert_review,reconciled_target,existing_ADR_and_AT,GAP-024,10,AT-VIS-003;AT-VIS-001,historical_target_reconciled_not_implemented
expert-stage-08,BUG-036,expert_package,main,Ошибка редактирования профиля привязана к полю и сохраняет попытку,expert_review,reconciled_target,existing_ADR_and_AT,BUG-036,10,AT-PROFILE-001;AT-PROFILE-004,historical_target_reconciled_not_implemented
expert-stage-08,BUG-037,expert_package,main,Прочитанное уведомление сразу покидает фильтр «Актуальные»,expert_review,superseded_target,D37,BUG-037,10,AT-UI-INV-002;AT-NOTIF-001;AT-NOTIF-004,historical_target_reconciled_not_implemented
expert-stage-08,GAP-025,expert_package,main,Определить и реализовать предусмотренный аватар команды,expert_review,decision_gate,existing_ADR_and_AT,GAP-025,9,AT-TEAM-001,pending_decision
expert-stage-08,GAP-026,expert_package,main,Карточка аккаунта с безопасной историей действий,expert_review,reconciled_target,existing_ADR_and_AT,GAP-026,11,AT-ADM-003,historical_target_reconciled_not_implemented
expert-stage-08,GAP-027,expert_package,main,Каталог администрирования начинается с поиска пользователей,expert_review,reconciled_target,existing_ADR_and_AT,GAP-027,11,AT-ADM-001,historical_target_reconciled_not_implemented
expert-stage-08,BUG-038,expert_package,main,Неопределённый результат сброса пароля выдаётся за обычную ошибку,expert_review,reconciled_target,existing_ADR_and_AT,BUG-038,12,AT-AUTH-007,historical_target_reconciled_not_implemented
expert-stage-08,GAP-028,expert_package,main,Минимальный доступ администратора к аварийному завершению по ID,expert_review,decision_gate,existing_ADR_and_AT,GAP-028,11,AT-ADM-MATCH-001,pending_decision
expert-stage-08,BUG-039,expert_package,main,Сверка ручной коррекции после потери ответа,expert_review,reconciled_target,existing_ADR_and_AT,BUG-039,4,AT-JUDGE-010;AT-JUDGE-009;AT-JUDGE-002;AT-JUDGE-004,historical_target_reconciled_not_implemented
