requirement,title,capabilities,lead_package,related_packages,candidate_scenarios,mapping_status,runtime_verdict,run_evidence,target_entry_point,limitation
AUTH-001,Закрытый доступ,CAP-AUTH-001,AUTH,AUTH,SC-A01;SC-A02;SC-A03,REFINED,PARTIAL,AUTH-A01;AUTH-A02;auth/evidence/run-sc-a01.json;auth/evidence/run-sc-a02.json;auth-review.json,auth/target-spec.md;t-auth-errors,Защищённый deep route привёл на login; runtime 401 recovery прошёл; варианты exact restricted allowlist не проверялись
AUTH-002,Создание аккаунта,CAP-AUTH-002,AUTH,AUTH;ADMIN,SC-A01;SC-A02;SC-A03,REFINED,PARTIAL,AUTH-A01;auth/evidence/fixture-index.json;auth-review.json;ADMIN A-RUN-002,auth/target-spec.md;t-auth-session-exit,Synthetic admin UI create and one-time password sampled; full onboarding restrictions separately in AUTH.
AUTH-003,Временный пароль,CAP-AUTH-003,AUTH,AUTH,SC-A01;SC-A02;SC-A03,REFINED,FAIL_WITH_TARGET,AUTH-A01;AUTH-EXIT-MIN-01;auth/evidence/first-password-exit-probe.json;auth-review.json,auth/target-spec.md;t-auth-session-exit,Mandatory first-change прошёл; повтор temporary password не проверен; Exit не завершает restricted session
AUTH-004,Пароль,CAP-AUTH-003,AUTH,AUTH,SC-A01;SC-A02;SC-A03,REFINED,PASS_WITH_FINDING,AUTH-A01;auth/evidence/run-sc-a01.json;auth-review.json,auth/target-spec.md;t-auth-errors,Valid password принят; weak password отклонён; найдены raw copy/error semantics; optional generator не проверялся
AUTH-005,Обычный вход,CAP-AUTH-004,AUTH,AUTH,SC-A01;SC-A02;SC-A03,REFINED,PASS_WITH_FINDING,AUTH-A01;AUTH-A02;AUTH-NEG-01;auth-review.json,auth/target-spec.md;t-auth-errors,"Success/wrong/blocked/reauth прошли; keyboard behavior проверен автоматизацией, не человеком"
AUTH-006,Сессия,CAP-AUTH-004,AUTH,AUTH,SC-A01;SC-A02;SC-A03,REFINED,PARTIAL_FAIL,AUTH-A02;AUTH-EXIT-MIN-01;auth/evidence/run-sc-a02.json;auth/evidence/first-password-exit-probe.json;auth-review.json,auth/target-spec.md;t-auth-session-exit,Несколько sessions и один revoke-control прошли; sliding7days и revoke-others после password change не проверялись; FirstPassword Exit нарушает logout semantics
AUTH-007,Восстановление,CAP-AUTH-004,AUTH,AUTH;ADMIN,SC-A01;SC-A02;SC-A03,REFINED,FAIL_WITH_LIMITATION,auth-review.json;ADMIN A-RUN-003/004,auth/target-spec.md;t-auth-errors,Reset revokes old credential/session; applied response loss leaves confirm available. No second reset performed; BUG-038 P2 target accepted; protocol implementation not performed.
AUTH-008,Активные сессии,CAP-AUTH-004,AUTH,AUTH;RESULTS,SC-A01;SC-A02;SC-A03,RESULTS_COORDINATOR_REFINED_ACCEPTED,PASS_SAMPLED,AUTH-A02;AUTH-A03;auth/evidence/a02-active-sessions-390.png;auth-review.json;R-RUN-PROFILE-SESSIONS;results/runs.csv;results/evidence/runtime/runtime-facts.json;results-correction.md;results-review.json,results-correction.md;canonical GAP-015/GAP-024/BUG-036/037 where applicable; other existing entries preserved,"Other-session UI confirm/pending and count1→0 observed. Current-session negative and same/different-actor reauth only component tests, no browser expired-session replay."
ADM-001,Доступ,CAP-ADMIN-001,ADMIN,ADMIN,SC-AD01;SC-AD02;SC-AD03;SC-AD04,REFINED,PARTIAL,A-RUN-001;admin/evidence/runtime-observations.json;admin/source-review.md;admin-correction.md,admin-correction.md; canonical GAP-026/027; BUG-038 target accepted with reset-review,Active-admin route verified; non-admin all-endpoints matrix not rerun in this package
ADM-002,Список пользователей,CAP-ADMIN-001,ADMIN,ADMIN,SC-AD04;SC-AD08,REFINED,PASS,A-RUN-001/A-RUN-005;admin/evidence/runtime-observations.json;admin/source-review.md;admin-correction.md,admin-correction.md; canonical GAP-026/027; BUG-038 target accepted with reset-review,"Observed populated, loading, error, retry-empty, active and blocked states; pagination absent from requirement"
ADM-003,Создание,CAP-AUTH-002;CAP-ADMIN-001,ADMIN,ADMIN;AUTH,SC-AD01,REFINED,PASS_WITH_LIMITATION,A-RUN-002;admin/evidence/runtime-observations.json;admin/source-review.md;admin-correction.md,admin-correction.md; canonical GAP-026/027; BUG-038 target accepted with reset-review,One duplicate email rejected; exact case-fold pair not separately replayed
ADM-004,Редактирование,CAP-ADMIN-001,ADMIN,ADMIN,SC-AD02;SC-AD05,REFINED,PARTIAL,A-RUN-002/A-RUN-006;admin/evidence/runtime-observations.json;admin/source-review.md;admin-correction.md,admin-correction.md; canonical GAP-026/027; BUG-038 target accepted with reset-review,Edit modal and role lifecycle verified; full invalid-field matrix and all optional fields not replayed; stable detail route absent
ADM-005,Блокировка,CAP-ADMIN-001,ADMIN,ADMIN,SC-AD02,REFINED,PARTIAL,A-RUN-005;admin/evidence/runtime-observations.json;admin/source-review.md;admin-correction.md,admin-correction.md; canonical GAP-026/027; BUG-038 target accepted with reset-review,Session/login/directory exclusion pass; completed-history retention and captain handover not replayed
ADM-006,Разблокировка,CAP-ADMIN-001,ADMIN,ADMIN,SC-AD02,REFINED,PASS,A-RUN-005;admin/evidence/runtime-observations.json;admin/source-review.md;admin-correction.md,admin-correction.md; canonical GAP-026/027; BUG-038 target accepted with reset-review,Fresh login and directory return; pre-block session remains 401
ADM-007,Сброс пароля,CAP-ADMIN-001,ADMIN,ADMIN,SC-AD06,REFINED,FAIL_FINDING,A-RUN-003/A-RUN-004;admin/evidence/runtime-observations.json;admin/source-review.md;admin-correction.md,admin-correction.md; canonical GAP-026/027; BUG-038 target accepted with reset-review,Happy path passes; applied-but-lost response has no GET-first recovery and invites another issue
ADM-008,Аудит,CAP-ADMIN-001,ADMIN,ADMIN,SC-AD02;SC-AD05;SC-AD06,REFINED,PARTIAL_FAIL_UI,A-RUN-002/A-RUN-003/A-RUN-004/A-RUN-005/A-RUN-006;admin/evidence/runtime-observations.json;admin/source-review.md;admin-correction.md,admin-correction.md; canonical GAP-026/027; BUG-038 target accepted with reset-review,DB rows for create/reset/block/unblock/role pass without secrets; minimum user audit-history screen/API is absent; AT-ADM-006 proves block/unblock audit only; missing read surface required by 09 section7; full meta inspection not performed
HOME-001,Состав,CAP-HOME-001,AUTH,AUTH,SC-A01;SC-A02;SC-A03,RESULTS_COORDINATOR_REFINED_ACCEPTED,PASS_SAMPLED,AUTH-A03;auth/evidence/a03-home-empty-390.png;auth/evidence/a03-home-empty-1440.png;auth-review.json;R-RUN-HOME-POPULATED;results/runs.csv;results/evidence/runtime/runtime-facts.json;results-correction.md;results-review.json,results-correction.md;canonical GAP-015/GAP-024/BUG-036/037 where applicable; other existing entries preserved,All required populated blocks observed; pure layout benefit unmeasured.
HOME-002,Hero,CAP-HOME-001,AUTH,AUTH,SC-A01;SC-A02;SC-A03,RESULTS_COORDINATOR_REFINED_ACCEPTED,PASS_SAMPLED,AUTH-A03;auth/evidence/run-sc-a03.json;auth-review.json;R-RUN-HOME-POPULATED;results/runs.csv;results/evidence/runtime/runtime-facts.json;results-correction.md;results-review.json,results-correction.md;canonical GAP-015/GAP-024/BUG-036/037 where applicable; other existing entries preserved,All5 metrics22/18/4/82%/1.6 and rival/revenge observed; no large-history mathematical boundary proof.
HOME-003,Последние события,CAP-HOME-001,AUTH,AUTH,SC-A01;SC-A02;SC-A03,RESULTS_COORDINATOR_REFINED_ACCEPTED,PARTIAL,AUTH-A03;auth/evidence/a03-home-empty-390.png;auth-review.json;R-RUN-HOME-POPULATED;results/runs.csv;results/evidence/runtime/runtime-facts.json;results-correction.md;results-review.json,results-correction.md;canonical GAP-015/GAP-024/BUG-036/037 where applicable; other existing entries preserved,Recent5 match cards sampled; recent tournament top3/nonzero duration not separately browser-tested.
HOME-004,Активные события,CAP-HOME-001,AUTH,AUTH,SC-A01;SC-A02;SC-A03,RESULTS_COORDINATOR_REFINED_ACCEPTED,PARTIAL_WITH_FINDING,AUTH-A03;auth/evidence/a03-home-empty-390.png;auth-review.json;R-RUN-HOME-JUDGE-RELEASE;results/runs.csv;results/evidence/runtime/runtime-facts.json;results-correction.md;results-review.json,results-correction.md;canonical GAP-015/GAP-024/BUG-036/037 where applicable; other existing entries preserved,"Released judge historical label remains on active card, F-RESULTS005. Current actor creator retains access; no score rights inferred. Active reservation/both tournament+standalone pending future acceptance."
HOME-005,Рейтинг,CAP-HOME-001,AUTH,AUTH,SC-A01;SC-A02;SC-A03,RESULTS_COORDINATOR_REFINED_ACCEPTED,PASS_SAMPLED,AUTH-A03;auth/evidence/a03-home-empty-1440.png;auth-review.json;R-RUN-HOME-POPULATED;results/runs.csv;results/evidence/runtime/runtime-facts.json;results-correction.md;results-review.json,results-correction.md;canonical GAP-015/GAP-024/BUG-036/037 where applicable; other existing entries preserved,All-time/month controls and existing stale-response component test; race not injected in Home browser.
HOME-006,Empty states,CAP-HOME-001,AUTH,AUTH,SC-A01;SC-A02;SC-A03,REFINED,PASS_SAMPLED,AUTH-A03;auth/evidence/run-sc-a03.json;auth-review.json,auth/target-spec.md;t-auth-home,Наблюдались active/recent empties и rival explanation; global ranking в fixture DB был непуст
PROFILE-001,Свой профиль,CAP-PROFILE-001,RESULTS,RESULTS;AUTH,SC-R01;SC-R02;SC-R03;SC-R04,RESULTS_COORDINATOR_REFINED_ACCEPTED,PARTIAL,auth/evidence/a02-active-sessions-390.png;auth/evidence/run-sc-a02.json;auth-review.json;auth-coverage-correction.md;R-RUN-PROFILE-VALIDATION;R-RUN-PROFILE-SESSIONS;results/runs.csv;results/evidence/runtime/runtime-facts.json;results-correction.md;results-review.json,results-correction.md;canonical GAP-015/GAP-024/BUG-036/037 where applicable; other existing entries preserved,"Own identity/stats/facts/teams/rank rendered; tournament stats zero fixture, not full nonzero combinations."
PROFILE-002,Интересные факты,CAP-PROFILE-001,RESULTS,RESULTS,SC-R01;SC-R02;SC-R03;SC-R04,RESULTS_COORDINATOR_REFINED_ACCEPTED,PARTIAL,R-RUN-PROFILE-PUBLIC;R-RUN-TUTORIAL;results/runs.csv;results/evidence/runtime/runtime-facts.json;results-correction.md;results-review.json,results-correction.md;canonical GAP-015/GAP-024/BUG-036/037 where applicable; other existing entries preserved,Longest/best/frequent/rival labels in selected22-match fixture; full ties/guest exclusions not isolated.
PROFILE-003,Редактирование,CAP-PROFILE-001,RESULTS,RESULTS,SC-R01;SC-R02;SC-R03;SC-R04,RESULTS_COORDINATOR_REFINED_ACCEPTED,FAIL_WITH_TARGET,R-RUN-PROFILE-VALIDATION;results/runs.csv;results/evidence/runtime/runtime-facts.json;results-correction.md;results-review.json,results-correction.md;canonical GAP-015/GAP-024/BUG-036/037 where applicable; other existing entries preserved,"Organization201→400 preserved draft but no field association and focus body, F-RESULTS003. Reauth same/different actor only focused component tests."
PROFILE-004,Аватар,CAP-PROFILE-001,RESULTS,RESULTS,SC-R01;SC-R02;SC-R03;SC-R04,RESULTS_COORDINATOR_REFINED_ACCEPTED,PARTIAL,R-RUN-PROFILE-PUBLIC;results/runs.csv;results/evidence/runtime/runtime-facts.json;results-correction.md;results-review.json,results-correction.md;canonical GAP-015/GAP-024/BUG-036/037 where applicable; other existing entries preserved,Assigned preset rendered and read-only D10 note; ten-preset assignment distribution not tested here.
PROFILE-005,Чужая карточка,CAP-PROFILE-002,RESULTS,RESULTS,SC-R01;SC-R02;SC-R03;SC-R04,RESULTS_COORDINATOR_REFINED_ACCEPTED,PASS_SAMPLED,R-RUN-PROFILE-PUBLIC;results/runs.csv;results/evidence/runtime/runtime-facts.json;results-correction.md;results-review.json,results-correction.md;canonical GAP-015/GAP-024/BUG-036/037 where applicable; other existing entries preserved,Active public profile email/birthDate absent; challenge visible. Blocked historical target readable without challenge; synthetic cases only.
PROFILE-006,Актуальные данные в истории,CAP-PROFILE-001,RESULTS,RESULTS,SC-R01;SC-R02;SC-R03;SC-R04,RESULTS_COORDINATOR_REFINED_ACCEPTED,NOT_TESTED,results/runs.csv;results/evidence/runtime/runtime-facts.json;results-correction.md;results-review.json,results-correction.md;canonical GAP-015/GAP-024/BUG-036/037 where applicable; other existing entries preserved,Successful name change followed by historical-card update not run; failed organization edit provides no proof.
RANK-001,Формула,CAP-RANKING-001,RESULTS,RESULTS,SC-R01;SC-R02;SC-R03;SC-R04,RESULTS_COORDINATOR_REFINED_ACCEPTED,PARTIAL,R-RUN-RANKINGS;results/runs.csv;results/evidence/runtime/runtime-facts.json;results-correction.md;results-review.json,results-correction.md;canonical GAP-015/GAP-024/BUG-036/037 where applicable; other existing entries preserved,Wins18/4/1 order observed; all tie-break branches not independently isolated.
RANK-002,Периоды,CAP-RANKING-001,RESULTS,RESULTS,SC-R01;SC-R02;SC-R03;SC-R04,RESULTS_COORDINATOR_REFINED_ACCEPTED,PARTIAL,R-RUN-RANKINGS;results/runs.csv;results/evidence/runtime/runtime-facts.json;results-correction.md;results-review.json,results-correction.md;canonical GAP-015/GAP-024/BUG-036/037 where applicable; other existing entries preserved,All-time/month selection rendered; week control and Moscow note visible. Week selection/time boundaries/DST not isolated browser fixtures.
RANK-003,Матчи с гостями,CAP-RANKING-001,RESULTS,RESULTS,SC-R01;SC-R02;SC-R03;SC-R04,RESULTS_COORDINATOR_REFINED_ACCEPTED,NOT_TESTED,results/runs.csv;results/evidence/runtime/runtime-facts.json;results-correction.md;results-review.json,results-correction.md;canonical GAP-015/GAP-024/BUG-036/037 where applicable; other existing entries preserved,Guest contribution to registered player ranking not isolated in RESULTS.
RANK-004,Командный рейтинг,CAP-RANKING-001,RESULTS,RESULTS,SC-R01;SC-R02;SC-R03;SC-R04,RESULTS_COORDINATOR_REFINED_ACCEPTED,PASS_SAMPLED,R-RUN-RANKINGS;results/runs.csv;results/evidence/runtime/runtime-facts.json;results-correction.md;results-review.json,results-correction.md;canonical GAP-015/GAP-024/BUG-036/037 where applicable; other existing entries preserved,Current two-member team ranking rendered. Original RESULTS004 incorrectly described blocked exclusion; use PRD team semantics.
RANK-005,Карточка игрока,CAP-RANKING-001,RESULTS,RESULTS,SC-R01;SC-R02;SC-R03;SC-R04,RESULTS_COORDINATOR_REFINED_ACCEPTED,PASS_SAMPLED,R-RUN-RANKINGS;R-RUN-PROFILE-PUBLIC;results/runs.csv;results/evidence/runtime/runtime-facts.json;results-correction.md;results-review.json,results-correction.md;canonical GAP-015/GAP-024/BUG-036/037 where applicable; other existing entries preserved,Podium/list to own/public card and challenge guards sampled; no RANK006 requirement exists.
HISTORY-001,Состав,CAP-HISTORY-001,RESULTS,RESULTS,SC-R01;SC-R02;SC-R03;SC-R04,RESULTS_COORDINATOR_REFINED_ACCEPTED,PARTIAL,R-RUN-HISTORY-PAGE;results/runs.csv;results/evidence/runtime/runtime-facts.json;results-correction.md;results-review.json,results-correction.md;canonical GAP-015/GAP-024/BUG-036/037 where applicable; other existing entries preserved,Match list and pagination observed; mixed match+tournament list not a dedicated browser fixture.
HISTORY-002,Фильтры,CAP-HISTORY-001,RESULTS,RESULTS,SC-R01;SC-R02;SC-R03;SC-R04,RESULTS_COORDINATOR_REFINED_ACCEPTED,PARTIAL_WITH_FINDING,R-RUN-HISTORY-SEARCH;R-RUN-HISTORY-PAGE;R-RUN-HISTORY-BACK;results/runs.csv;results/evidence/runtime/runtime-facts.json;results-correction.md;results-review.json,results-correction.md;canonical GAP-015/GAP-024/BUG-036/037 where applicable; other existing entries preserved,"Search and filter UI sampled; F-RESULTS001 context gap expert hypothesis. Detail Back tested in components, not traced browser. URL persistence is not a current requirement."
HISTORY-003,Видимость,CAP-HISTORY-001,RESULTS,RESULTS,SC-R01;SC-R02;SC-R03;SC-R04,RESULTS_COORDINATOR_REFINED_ACCEPTED,PARTIAL,R-RUN-TUTORIAL;R-RUN-PROFILE-PUBLIC;results/runs.csv;results/evidence/runtime/runtime-facts.json;results-correction.md;results-review.json,results-correction.md;canonical GAP-015/GAP-024/BUG-036/037 where applicable; other existing entries preserved,"Tutorial absent from history; public historical profile observed. Full active event actor matrix and blocked caller are inherited technical tests, not RESULTS runtime."
HISTORY-004,Неактивные аккаунты,CAP-HISTORY-001,RESULTS,RESULTS,SC-R01;SC-R02;SC-R03;SC-R04,RESULTS_COORDINATOR_REFINED_ACCEPTED,PARTIAL,R-RUN-PROFILE-PUBLIC;R-RUN-RANKINGS;results/runs.csv;results/evidence/runtime/runtime-facts.json;results-correction.md;results-review.json,results-correction.md;canonical GAP-015/GAP-024/BUG-036/037 where applicable; other existing entries preserved,Blocked historical profile readable and blocked target absent from rankings. Historical list row identity/name update not separately tested.
MATCH-001,Создание,CAP-MATCH-001,MATCH,MATCH,SC-M01;SC-M02;SC-M03;SC-M04,MATCH_EVIDENCE_REFINED,PASS_SAMPLED,match/evidence/m01-create-before-top-390.json;match/evidence/m03-main-match-created.json;match-review.json,core-review.json;accepted MATCH synthesis,Manual creator defaults nonplaying and owner can create; M01/M02; exact scenario limits in match/runs.csv; not full requirement acceptance.
MATCH-002,Формат,CAP-MATCH-001,MATCH,MATCH,SC-M01;SC-M02;SC-M03;SC-M04,MATCH_EVIDENCE_REFINED,PASS_SAMPLED,match/evidence/m02-ready-submit-390.png;match/evidence/m03-main-match-created.json;match-review.json,core-review.json;accepted MATCH synthesis,2v2 standalone created with exact four places; M02; exact scenario limits in match/runs.csv; not full requirement acceptance.
MATCH-003,Участники,CAP-MATCH-001,MATCH,MATCH,SC-M01;SC-M02;SC-M03;SC-M04,MATCH_EVIDENCE_REFINED,PASS_SAMPLED,match/evidence/m03-main-match-created.json;match/evidence/m04-roster-invitation-lifecycle.json;match-review.json,core-review.json;accepted MATCH synthesis,Registered guest team and owner/player separation checked; invitation replacement gap F-MATCH-002; M02/M04; exact scenario limits in match/runs.csv; not full requirement acceptance.
MATCH-004,Быстрый выбор,CAP-MATCH-001,MATCH,MATCH,SC-M01;SC-M02;SC-M03;SC-M04,MATCH_EVIDENCE_REFINED,PARTIAL_WITH_FINDING,match/evidence/m02-quick-choices-390.png;match/evidence/m02-ready-submit-390.json;match-review.json,core-review.json;accepted MATCH synthesis,All groups present; destination ambiguity F-MATCH-001; M02; exact scenario limits in match/runs.csv; not full requirement acceptance.
MATCH-005,Правила,CAP-MATCH-001,MATCH,MATCH,SC-M01;SC-M02;SC-M03;SC-M04,MATCH_EVIDENCE_REFINED,PASS_SAMPLED,match/evidence/m03-main-match-created.json;match/evidence/m04-after-roster-edit-1440.json;match-review.json,core-review.json;accepted MATCH synthesis,Custom rules persist before start and edit; M02/M04; exact scenario limits in match/runs.csv; not full requirement acceptance.
MATCH-006,Победа,CAP-MATCH-002,MATCH,MATCH,SC-M01;SC-M02;SC-M03;SC-M04,PACKAGE_OWNER_TO_REFINE,NOT_TESTED,,AWAITING_PACKAGE_AUDIT,Source assignment only; every requirement needs an explicit run or justified limit.
MATCH-007,Подача,CAP-MATCH-002,MATCH,MATCH,SC-M01;SC-M02;SC-M03;SC-M04,PACKAGE_OWNER_TO_REFINE,NOT_TESTED,,AWAITING_PACKAGE_AUDIT,Source assignment only; every requirement needs an explicit run or justified limit.
MATCH-008,Старт,CAP-MATCH-002,MATCH,MATCH,SC-M01;SC-M02;SC-M03;SC-M04,MATCH_EVIDENCE_REFINED,PASS_SAMPLED,match/evidence/m06-role-action-matrix.json;pilot/report.md;match-review.json,core-review.json;accepted MATCH synthesis,Creator-only start action and occupied judge state observed; invitation start closure inherited from accepted gate; M06 plus accepted pilot; exact scenario limits in match/runs.csv; not full requirement acceptance.
MATCH-009,Конкурентность игрока,CAP-MATCH-002,MATCH,MATCH,SC-M01;SC-M02;SC-M03;SC-M04,PACKAGE_OWNER_TO_REFINE,NOT_TESTED,,AWAITING_PACKAGE_AUDIT,Source assignment only; every requirement needs an explicit run or justified limit.
MATCH-010,Завершение,CAP-MATCH-002,MATCH,MATCH,SC-M01;SC-M02;SC-M03;SC-M04,PACKAGE_OWNER_TO_REFINE,NOT_TESTED,,AWAITING_PACKAGE_AUDIT,Source assignment only; every requirement needs an explicit run or justified limit.
MATCH-011,Read-only,CAP-MATCH-002,MATCH,MATCH,SC-M01;SC-M02;SC-M03;SC-M04,PACKAGE_OWNER_TO_REFINE,NOT_TESTED,,AWAITING_PACKAGE_AUDIT,Source assignment only; every requirement needs an explicit run or justified limit.
MATCH-012,Остановка,CAP-MATCH-002,MATCH,MATCH,SC-M01;SC-M02;SC-M03;SC-M04,PACKAGE_OWNER_TO_REFINE,NOT_TESTED,,AWAITING_PACKAGE_AUDIT,Source assignment only; every requirement needs an explicit run or justified limit.
MATCH-013,Неявка,CAP-MATCH-002,MATCH,MATCH,SC-M01;SC-M02;SC-M03;SC-M04,PACKAGE_OWNER_TO_REFINE,NOT_TESTED,,AWAITING_PACKAGE_AUDIT,Source assignment only; every requirement needs an explicit run or justified limit.
MATCH-014,Быстрый вызов,CAP-MATCH-003,MATCH,MATCH,SC-M01;SC-M02;SC-M03;SC-M04,MATCH_EVIDENCE_REFINED,PASS_SAMPLED,match/evidence/m05-challenge-persisted.json;match/evidence/m05-revenge-persisted.json;match-review.json,core-review.json;accepted MATCH synthesis,Creator roster and purposeful invitations persisted; M05; exact scenario limits in match/runs.csv; not full requirement acceptance.
MATCH-015,Черновики,CAP-MATCH-001,MATCH,MATCH,SC-M01;SC-M02;SC-M03;SC-M04,MATCH_EVIDENCE_REFINED,SOURCE_ONLY,../../../../apps/web/src/pages/MatchCreatePage.tsx;match-review.json,core-review.json;accepted MATCH synthesis,Create state is client-local; leave/reload persistence was not separately browser-tested; M01/M05 plus source; exact scenario limits in match/runs.csv; not full requirement acceptance.
MATCH-016,Void ошибочно завершённого результата,CAP-MATCH-002;CAP-ADMIN-002,ADMIN,ADMIN;MATCH,SC-AD01;SC-AD02;SC-AD03;SC-M01;SC-M02;SC-M03;SC-M04,PACKAGE_OWNER_TO_REFINE,NOT_TESTED,,AWAITING_PACKAGE_AUDIT,Source assignment only; every requirement needs an explicit run or justified limit.
MATCH-017,Отмена standalone-матча,CAP-MATCH-002;CAP-ADMIN-002,ADMIN,ADMIN;MATCH,SC-AD01;SC-AD02;SC-AD03;SC-M01;SC-M02;SC-M03;SC-M04,MATCH_EVIDENCE_REFINED,PARTIAL_WITH_FINDING,match/evidence/m04-cancel-persisted.json;match/evidence/m06-role-action-matrix.json;match-review.json;ADMIN A-RUN-007;admin-correction.md,core-review.json;accepted MATCH synthesis,Creator cancel persists; admin surface conflict F-MATCH-004; reason/copy gap F-MATCH-003; M04/M06; exact scenario limits in match/runs.csv; not full requirement acceptance.; outsider admin ordinary detail403 is correct D17; direct force-close cancelled0to1 sampled; minimal UI read permission Q-UX-003 unresolved; other admin states not tested.
JUDGE-001,Один судья,CAP-JUDGE-001,JUDGE,JUDGE,SC-J01;SC-J02;SC-J03;SC-J04;SC-J05,JUDGE_REFINED_WITH_CORRECTION,PASS_SAMPLED,judge/runs.csv;judge/requirement-coverage-delta.csv;judge-coverage-correction.md;core-review.json,core-target.md;judge/target-spec.md,Одновременный atomic acquire не воспроизводился в этом UX-прогоне; J-RUN-HANDOVER;J-RUN-OWNERSHIP;authoritative-readbacks.json; exact conditions only; not whole requirement acceptance.
JUDGE-002,Допустимые судьи,CAP-JUDGE-001,JUDGE,JUDGE,SC-J01;SC-J02;SC-J03;SC-J04;SC-J05,JUDGE_REFINED_WITH_CORRECTION,PASS_SAMPLED,judge/runs.csv;judge/requirement-coverage-delta.csv;judge-coverage-correction.md;core-review.json,core-target.md;judge/target-spec.md,Обычный active outsider был допустимым получателем; blocked user не проверялся; J-RUN-HANDOVER;fixture-index.json; exact conditions only; not whole requirement acceptance.
JUDGE-003,Захват,CAP-JUDGE-001,JUDGE,JUDGE,SC-J01;SC-J02;SC-J03;SC-J04;SC-J05,JUDGE_REFINED_WITH_CORRECTION,PASS_SAMPLED,judge/runs.csv;judge/requirement-coverage-delta.csv;judge-coverage-correction.md;core-review.json,core-target.md;judge/target-spec.md,Параллельная гонка первого acquire покрыта существующим acceptance suite и не повторялась; J-RUN-HANDOVER;J-RUN-OWNERSHIP; exact conditions only; not whole requirement acceptance.
JUDGE-004,Устройство,CAP-JUDGE-001,JUDGE,JUDGE,SC-J01;SC-J02;SC-J03;SC-J04;SC-J05,JUDGE_REFINED_WITH_CORRECTION,PASS_SAMPLED,judge/runs.csv;judge/requirement-coverage-delta.csv;judge-coverage-correction.md;core-review.json,core-target.md;judge/target-spec.md,Две auth sessions имитированы в Chromium; двух физических устройств не было; J-RUN-OWNERSHIP;j17-same-user-other-device-blocked-390.json; exact conditions only; not whole requirement acceptance.
JUDGE-005,Занятый слот,CAP-JUDGE-001,JUDGE,JUDGE,SC-J01;SC-J02;SC-J03;SC-J04;SC-J05,JUDGE_REFINED_WITH_CORRECTION,PASS_SAMPLED,judge/runs.csv;judge/requirement-coverage-delta.csv;judge-coverage-correction.md;core-review.json,core-target.md;judge/target-spec.md,Copy ownership conflict наблюдалась в runtime; J-RUN-OWNERSHIP;j16-former-owner-blocked-390.json; exact conditions only; not whole requirement acceptance.
JUDGE-006,Release,CAP-JUDGE-001,JUDGE,JUDGE,SC-J01;SC-J02;SC-J03;SC-J04;SC-J05,JUDGE_REFINED_WITH_CORRECTION,PARTIAL,judge/runs.csv;judge/requirement-coverage-delta.csv;judge-coverage-correction.md;core-review.json,core-target.md;judge/target-spec.md,Успешный release/reacquire наследуется из принятых тестов; ветка отказа наблюдалась; J-RUN-RELEASE;j25-release-failure-destination-warning-390.json; exact conditions only; not whole requirement acceptance.
JUDGE-007,Handover,CAP-JUDGE-001,JUDGE,JUDGE,SC-J01;SC-J02;SC-J03;SC-J04;SC-J05,JUDGE_REFINED_WITH_CORRECTION,PASS_SAMPLED,judge/runs.csv;judge/requirement-coverage-delta.csv;judge-coverage-correction.md;core-review.json,core-target.md;judge/target-spec.md,Истечение TTL не ожидалось; J-RUN-HANDOVER;authoritative-readbacks.json; exact conditions only; not whole requirement acceptance.
JUDGE-008,Heartbeat,CAP-JUDGE-001,JUDGE,JUDGE,SC-J01;SC-J02;SC-J03;SC-J04;SC-J05,JUDGE_REFINED_WITH_CORRECTION,NOT_TESTED,judge/runs.csv;judge/requirement-coverage-delta.csv;judge-coverage-correction.md;core-review.json,core-target.md;judge/target-spec.md,Интервалы 30 секунд hidden/visible и TTL 120 секунд не выдерживались по времени; ; exact conditions only; not whole requirement acceptance.
JUDGE-009,Начисление,CAP-JUDGE-001,JUDGE,JUDGE,SC-J01;SC-J02;SC-J03;SC-J04;SC-J05,JUDGE_REFINED_WITH_CORRECTION,FAIL,judge/runs.csv;judge/requirement-coverage-delta.csv;judge-coverage-correction.md;core-review.json,score-recovery-target.md,BUG-029 подтверждён; recovery copy неизвестного исхода вызывает риск дубликата; J-RUN-RAPID;J-RUN-UNKNOWN-OUTCOME;J-RUN-VERSION-CONFLICT; exact conditions only; not whole requirement acceptance.
JUDGE-010,Undo,CAP-JUDGE-001,JUDGE,JUDGE,SC-J01;SC-J02;SC-J03;SC-J04;SC-J05,JUDGE_REFINED_WITH_CORRECTION,PASS_SAMPLED,judge/runs.csv;judge/requirement-coverage-delta.csv;judge-coverage-correction.md;core-review.json,core-target.md;judge/target-spec.md,Undo после границы коррекции покрыт существующими тестами и не повторялся end-to-end; J-RUN-RAPID;j06-after-undo-landscape.json; exact conditions only; not whole requirement acceptance.
JUDGE-011,Аварийная коррекция,CAP-JUDGE-001,JUDGE,JUDGE,SC-J01;SC-J02;SC-J03;SC-J04;SC-J05,JUDGE_REFINED_WITH_CORRECTION,FAIL,judge/runs.csv;judge/requirement-coverage-delta.csv;judge-coverage-correction.md;core-review.json;judge-correction-probe/README.md,docs/BACKLOG.md BUG-031;BUG-039;correction-recovery-target.md,"Persistence проходит; keyboard focus contract нарушен; J-RUN-CORRECTION;j07-correction-open-focus-1440.json; exact conditions only; not whole requirement acceptance.; Additional1440 loss probe: applied exact prefixed key, stale resend409 zero new event; early absence then late commit. No third submit/mobile/Undo in this probe."
JUDGE-012,Чистый пользовательский лог,CAP-JUDGE-001,JUDGE,JUDGE,SC-J01;SC-J02;SC-J03;SC-J04;SC-J05,JUDGE_REFINED_WITH_CORRECTION,PASS_SAMPLED,judge/runs.csv;judge/requirement-coverage-delta.csv;judge-coverage-correction.md;core-review.json,core-target.md;judge/target-spec.md,Наблюдались technical correction и effective point list; J-RUN-CORRECTION;matrix-finished records in runtime-states.json; exact conditions only; not whole requirement acceptance.
TOURNAMENT-001,Создание,CAP-TOURNAMENT-001,TOURNAMENT,TOURNAMENT,SC-T01;SC-T02;SC-T03;SC-T04;SC-T05,COORDINATOR_CORRECTED_AFTER_REVIEW,PASS_SAMPLED,T-RUN-001;T-RUN-005;tournament/evidence/runtime-observations.json;tournament-correction.md;social-review.json,tournament/target-spec.md;tournament-correction.md;canonical BACKLOG overrides original target,Organizer absent from roster and both consent policies observed; not every creation validation/combination.
TOURNAMENT-002,Минимум/максимум,CAP-TOURNAMENT-001,TOURNAMENT,TOURNAMENT,SC-T01;SC-T02;SC-T03;SC-T04;SC-T05,COORDINATOR_CORRECTED_AFTER_REVIEW,PARTIAL,T-RUN-001;T-RUN-002;T-RUN-005;tournament/evidence/runtime-observations.json;tournament-correction.md;social-review.json,tournament/target-spec.md;tournament-correction.md;canonical BACKLOG overrides original target,Roster sizes3/5/8 and late add sampled; full min/max boundary and overflow were not run.
TOURNAMENT-003,Форматы,CAP-TOURNAMENT-001,TOURNAMENT,TOURNAMENT,SC-T01;SC-T02;SC-T03;SC-T04;SC-T05,COORDINATOR_CORRECTED_AFTER_REVIEW,PASS_SAMPLED,T-RUN-001;T-RUN-002;tournament/evidence/runtime-observations.json;tournament-correction.md;social-review.json,tournament/target-spec.md;tournament-correction.md;canonical BACKLOG overrides original target,V2 SE and DE sizes3/5/8 rendered; no legacy preservation claim.
TOURNAMENT-004,Матчи,CAP-TOURNAMENT-001,TOURNAMENT,TOURNAMENT,SC-T01;SC-T02;SC-T03;SC-T04;SC-T05,COORDINATOR_CORRECTED_AFTER_REVIEW,PARTIAL,T-RUN-001;T-RUN-006;tournament/evidence/runtime-observations.json;tournament-correction.md;social-review.json,tournament/target-spec.md;tournament-correction.md;canonical BACKLOG overrides original target,Generated1v1 match and one played transition sampled. Full inheritance of all common rules combinations not independently run; consent invites do not prove match rules.
TOURNAMENT-005,Сбор участников,CAP-TOURNAMENT-001,TOURNAMENT,TOURNAMENT,SC-T01;SC-T02;SC-T03;SC-T04;SC-T05,COORDINATOR_CORRECTED_AFTER_REVIEW,PASS_WITH_FINDING,T-RUN-001;T-RUN-004;T-RUN-005;tournament/evidence/runtime-observations.json;tournament-correction.md;social-review.json,tournament/target-spec.md;tournament-correction.md;canonical BACKLOG overrides original target,"Direct/required consent; accepted/pending/declined/expired/withdrawn and scoped override observed. Direct collecting confirmation is expert F005, not broken server consent. Race evidence inherited from GAP012, not rerun here."
TOURNAMENT-006,Комната ожидания,CAP-TOURNAMENT-001,TOURNAMENT,TOURNAMENT,SC-T01;SC-T02;SC-T03;SC-T04;SC-T05,COORDINATOR_CORRECTED_AFTER_REVIEW,PARTIAL,T-RUN-004;T-RUN-005;tournament/evidence/runtime-observations.json;tournament-correction.md;social-review.json,tournament/target-spec.md;tournament-correction.md;canonical BACKLOG overrides original target,Waiting roster and role-specific controls observed; complete waiting-room states/permissions not all run.
TOURNAMENT-007,Генерация сетки,CAP-TOURNAMENT-002,TOURNAMENT,TOURNAMENT,SC-T01;SC-T02;SC-T03;SC-T04;SC-T05,COORDINATOR_CORRECTED_AFTER_REVIEW,PASS_SAMPLED,T-RUN-001;T-RUN-005;tournament/evidence/runtime-observations.json;tournament-correction.md;social-review.json,tournament/target-spec.md;tournament-correction.md;canonical BACKLOG overrides original target,Generate and late-add atomic regeneration observed. Failure/rollback/concurrency not reinjected in this UX package.
TOURNAMENT-008,Посев,CAP-TOURNAMENT-002,TOURNAMENT,TOURNAMENT,SC-T01;SC-T02;SC-T03;SC-T04;SC-T05,COORDINATOR_CORRECTED_AFTER_REVIEW,PARTIAL,T-RUN-002;T-RUN-005;tournament/evidence/runtime-observations.json;tournament-correction.md;social-review.json,tournament/target-spec.md;tournament-correction.md;canonical BACKLOG overrides original target,Generated seed arrays observed; manual seed swap and rating-order proof not run. Array existence does not prove all seeding rules.
TOURNAMENT-009,Bye,CAP-TOURNAMENT-002,TOURNAMENT,TOURNAMENT,SC-T01;SC-T02;SC-T03;SC-T04;SC-T05,COORDINATOR_CORRECTED_AFTER_REVIEW,PASS_SAMPLED,T-RUN-002;tournament/evidence/runtime-observations.json;tournament-correction.md;social-review.json,tournament/target-spec.md;tournament-correction.md;canonical BACKLOG overrides original target,"Rendered BYE in SE/DE3/5/8 sampled; array is participant-only, not null seed slots. Zoom F004 belongs to detail readability, not BYE correctness."
TOURNAMENT-010,Роспуск сетки,CAP-TOURNAMENT-002,TOURNAMENT,TOURNAMENT,SC-T01;SC-T02;SC-T03;SC-T04;SC-T05,COORDINATOR_CORRECTED_AFTER_REVIEW,PASS_WITH_FINDING,T-RUN-007;tournament/evidence/runtime-observations.json;tournament-correction.md;social-review.json,tournament/target-spec.md;tournament-correction.md;canonical BACKLOG overrides original target,Dissolve persisted immediately without confirmation F001; no injected network failure.
TOURNAMENT-011,Выход до старта,CAP-TOURNAMENT-002,TOURNAMENT,TOURNAMENT,SC-T01;SC-T02;SC-T03;SC-T04;SC-T05,COORDINATOR_CORRECTED_AFTER_REVIEW,FAIL_UX,T-RUN-004;T-RUN-007;tournament/evidence/runtime-observations.json;tournament-correction.md;social-review.json,tournament/target-spec.md;tournament-correction.md;canonical BACKLOG overrides original target,Generated withdraw persists needs_regeneration without prior consequence warning F002. No promise of automatic regeneration.
TOURNAMENT-012,Старт,CAP-TOURNAMENT-002,TOURNAMENT,TOURNAMENT,SC-T01;SC-T02;SC-T03;SC-T04;SC-T05,COORDINATOR_CORRECTED_AFTER_REVIEW,PASS_SAMPLED,T-RUN-005;T-RUN-006;T-RUN-007;tournament/evidence/runtime-observations.json;tournament-correction.md;social-review.json,tournament/target-spec.md;tournament-correction.md;canonical BACKLOG overrides original target,"Start and post-start add refusal sampled; competing start/add concurrency inherited from GAP012, not rerun."
TOURNAMENT-013,Параллельность,CAP-TOURNAMENT-002,TOURNAMENT,TOURNAMENT,SC-T01;SC-T02;SC-T03;SC-T04;SC-T05,COORDINATOR_CORRECTED_AFTER_REVIEW,NOT_TESTED,tournament-correction.md;social-review.json,tournament/target-spec.md;tournament-correction.md;canonical BACKLOG overrides original target,"Tournament parallel scheduling / simultaneous participation was not independently runtime-tested in this UX package; preparation gate is separate evidence, not this run."
TOURNAMENT-014,Неявка/выход после старта,CAP-TOURNAMENT-002,TOURNAMENT,TOURNAMENT,SC-T01;SC-T02;SC-T03;SC-T04;SC-T05,COORDINATOR_CORRECTED_AFTER_REVIEW,NOT_TESTED,tournament-correction.md;social-review.json,tournament/target-spec.md;tournament-correction.md;canonical BACKLOG overrides original target,No specific no-show/withdraw-after-start automatic advance scenario. Ordinary played-match victory T-RUN006 does not cover this requirement.
TOURNAMENT-015,Завершение,CAP-TOURNAMENT-002,TOURNAMENT,TOURNAMENT,SC-T01;SC-T02;SC-T03;SC-T04;SC-T05,COORDINATOR_CORRECTED_AFTER_REVIEW,PARTIAL_WITH_FINDING,T-RUN-007;tournament/evidence/runtime-observations.json;tournament-correction.md;social-review.json,tournament/target-spec.md;tournament-correction.md;canonical BACKLOG overrides original target,Finished sample observed; early summary F003 in other active states. Exhaustive final standings/statistics not verified here.
TOURNAMENT-016,Остановка,CAP-TOURNAMENT-002,TOURNAMENT,TOURNAMENT,SC-T01;SC-T02;SC-T03;SC-T04;SC-T05,COORDINATOR_CORRECTED_AFTER_REVIEW,PARTIAL,T-RUN-007;tournament/evidence/runtime-observations.json;tournament-correction.md;social-review.json,tournament/target-spec.md;tournament-correction.md;canonical BACKLOG overrides original target,Stopped tournament had zero played matches. Stop after played game and partial-result integrity require future fixture; do not claim passed.
TOURNAMENT-017,Детальная карточка,CAP-TOURNAMENT-003,TOURNAMENT,TOURNAMENT,SC-T01;SC-T02;SC-T03;SC-T04;SC-T05,COORDINATOR_CORRECTED_AFTER_REVIEW,PARTIAL_WITH_FINDINGS,T-RUN-003;T-RUN-005;T-RUN-006;T-RUN-007;tournament/evidence/runtime-observations.json;tournament-correction.md;social-review.json,tournament/target-spec.md;tournament-correction.md;canonical BACKLOG overrides original target,Roster/current-next/active/terminal and scoped DTO sampled; F003 early summary and expert F004 compact overview. Physical/browser zoom and full role/state matrix not tested.
TOURNAMENT-018,Отмена до старта,CAP-TOURNAMENT-002,TOURNAMENT,TOURNAMENT,SC-T01;SC-T02;SC-T03;SC-T04;SC-T05,COORDINATOR_CORRECTED_AFTER_REVIEW,PASS_WITH_FINDING,T-RUN-007;tournament/evidence/runtime-observations.json;tournament-correction.md;social-review.json,tournament/target-spec.md;tournament-correction.md;canonical BACKLOG overrides original target,Prestart cancel persisted immediately F001; no network failure matrix.
TOURNAMENT-019,Поддерживаемая версия DE-сетки,CAP-TOURNAMENT-002,TOURNAMENT,TOURNAMENT,SC-T01;SC-T02;SC-T03;SC-T04;SC-T05,COORDINATOR_CORRECTED_AFTER_REVIEW,PARTIAL,T-RUN-002;tournament/evidence/runtime-observations.json;tournament-correction.md;social-review.json,tournament/target-spec.md;tournament-correction.md;canonical BACKLOG overrides original target,Current V2 SE/DE rendered. V1 explicit bounded unsupported behavior not browser-tested here; no read/play compatibility is promised by D25.
TEAM-001,Создание,CAP-TEAM-001,TEAM,TEAM,SC-TE01;SC-TE02,COORDINATOR_CORRECTED_AFTER_REVIEW,PARTIAL_WITH_FINDING,TEAM-BR-01;team/evidence/runtime-states.json;team-correction.md;social-review.json,team/target-spec.md;team-correction.md;canonical BACKLOG overrides original target,"Creation/name/slogan/welcome observed; required optional avatar absent F-TEAM-001, model unresolved Q-UX-002. No pass for avatar."
TEAM-002,Капитан,CAP-TEAM-001,TEAM,TEAM,SC-TE01;SC-TE02,COORDINATOR_CORRECTED_AFTER_REVIEW,PASS_SAMPLED,TEAM-BR-01;TEAM-BR-10;team/evidence/runtime-states.json;team-correction.md;social-review.json,team/target-spec.md;team-correction.md;canonical BACKLOG overrides original target,Creator became captain; explicit transfer changed captain. Concurrent membership/role changes not run.
TEAM-003,Права капитана,CAP-TEAM-001,TEAM,TEAM,SC-TE01;SC-TE02,COORDINATOR_CORRECTED_AFTER_REVIEW,PARTIAL_WITH_FINDINGS,TEAM-BR-02;TEAM-BR-03;TEAM-BR-10;team/evidence/runtime-states.json;team-correction.md;social-review.json,team/target-spec.md;team-correction.md;canonical BACKLOG overrides original target,"Edit/invite/remove/transfer observed; avatar absent F-TEAM-001, edit error outside viewport F-TEAM-003, one-click remove/transfer F-TEAM-004. Not full permission matrix acceptance."
TEAM-004,Приглашение,CAP-TEAM-001,TEAM,TEAM,SC-TE01;SC-TE02,COORDINATOR_CORRECTED_AFTER_REVIEW,PASS_SAMPLED,TEAM-BR-03;TEAM-BR-04;TEAM-BR-05;team/evidence/runtime-states.json;team-correction.md;social-review.json,team/target-spec.md;team-correction.md;canonical BACKLOG overrides original target,"Invitation/notification/accept/decline/expiry observed; expiry advanced in disposable DB, not a 14-day real-time wait. Revoke is not this requirement. Race cases not rerun."
TEAM-005,Принятие,CAP-TEAM-001,TEAM,TEAM,SC-TE01;SC-TE02,COORDINATOR_CORRECTED_AFTER_REVIEW,PASS_SAMPLED,TEAM-BR-04;team/evidence/runtime-states.json;team-correction.md;social-review.json,team/target-spec.md;team-correction.md;canonical BACKLOG overrides original target,Acceptance followed by welcome and return observed; no reload during pending response.
TEAM-006,Выход,CAP-TEAM-001,TEAM,TEAM,SC-TE01;SC-TE02,COORDINATOR_CORRECTED_AFTER_REVIEW,PASS_SAMPLED,TEAM-BR-10;TEAM-BR-11;team/evidence/runtime-states.json;team-correction.md;social-review.json,team/target-spec.md;team-correction.md;canonical BACKLOG overrides original target,Ordinary leave confirmed and persisted; captain transfer observed. No competing captain action.
TEAM-007,Автопередача,CAP-TEAM-001,TEAM,TEAM,SC-TE01;SC-TE02,COORDINATOR_CORRECTED_AFTER_REVIEW,NOT_TESTED,team-correction.md;social-review.json,team/target-spec.md;team-correction.md;canonical BACKLOG overrides original target,Earliest remaining member auto-captain after blocked/removed captain not run. Sole captain becoming zero-member archive is different and provides no coverage.
TEAM-008,Архив,CAP-TEAM-001,TEAM,TEAM,SC-TE01;SC-TE02,COORDINATOR_CORRECTED_AFTER_REVIEW,PASS_SAMPLED,TEAM-BR-11;team/evidence/runtime-states.json;team-correction.md;social-review.json,team/target-spec.md;team-correction.md;canonical BACKLOG overrides original target,"Zero-member archive, read-only detail and active-list exclusion observed. No broader historical/statistics acceptance."
TEAM-009,История,CAP-TEAM-001,TEAM,TEAM,SC-TE01;SC-TE02,COORDINATOR_CORRECTED_AFTER_REVIEW,NOT_TESTED,team-correction.md;social-review.json,team/target-spec.md;team-correction.md;canonical BACKLOG overrides original target,Historical matches/tournaments preservation and ranking by current roster not runtime-tested. TEAM-BR-08/09 shortcuts prove neither; mandatory correction applies.
NOTIF-001,Центр уведомлений,CAP-NOTIF-001,RESULTS,RESULTS,SC-R01;SC-R02;SC-R03;SC-R04,RESULTS_COORDINATOR_REFINED_ACCEPTED,PASS_SAMPLED,R-RUN-NOTIF-LIFECYCLE;results/runs.csv;results/evidence/runtime/runtime-facts.json;results-correction.md;results-review.json,results-correction.md;canonical GAP-015/GAP-024/BUG-036/037 where applicable; other existing entries preserved,Center and pending read invitation actions sampled; not every notification kind.
NOTIF-002,Типы MVP,CAP-NOTIF-001,RESULTS,RESULTS,SC-R01;SC-R02;SC-R03;SC-R04,RESULTS_COORDINATOR_REFINED_ACCEPTED,PARTIAL,R-RUN-NOTIF-LIFECYCLE;results/runs.csv;results/evidence/runtime/runtime-facts.json;results-correction.md;results-review.json,results-correction.md;canonical GAP-015/GAP-024/BUG-036/037 where applicable; other existing entries preserved,"Player invitations and terminal variants observed; judge/team/tournament types retain other package evidence, not this run."
NOTIF-003,Popup,CAP-NOTIF-001,RESULTS,RESULTS,SC-R01;SC-R02;SC-R03;SC-R04,RESULTS_COORDINATOR_REFINED_ACCEPTED,PASS_SAMPLED,R-RUN-NOTIF-LIFECYCLE;results/runs.csv;results/evidence/runtime/runtime-facts.json;results-correction.md;results-review.json,results-correction.md;canonical GAP-015/GAP-024/BUG-036/037 where applicable; other existing entries preserved,Only live pending invitation popup observed; expired/declined/unavailable suppressed in fixture.
NOTIF-004,История,CAP-NOTIF-001,RESULTS,RESULTS,SC-R01;SC-R02;SC-R03;SC-R04,RESULTS_COORDINATOR_REFINED_ACCEPTED,PASS_SAMPLED,R-RUN-NOTIF-LIFECYCLE;results/runs.csv;results/evidence/runtime/runtime-facts.json;results-correction.md;results-review.json,results-correction.md;canonical GAP-015/GAP-024/BUG-036/037 where applicable; other existing entries preserved,Terminal history timeout/source_unavailable/declined reasons visible; complete terminal-kind matrix not claimed.
NOTIF-005,Read state,CAP-NOTIF-001,RESULTS,RESULTS,SC-R01;SC-R02;SC-R03;SC-R04,RESULTS_COORDINATOR_REFINED_ACCEPTED,FAIL_WITH_TARGET,R-RUN-NOTIF-READ;results/runs.csv;results/evidence/runtime/runtime-facts.json;results-correction.md;results-review.json,results-correction.md;canonical GAP-015/GAP-024/BUG-036/037 where applicable; other existing entries preserved,"Successful readAt/badge but stale Actual filter untilrefresh, F-RESULTS004. Pending read remains actionable."
NOTIF-006,TTL,CAP-NOTIF-001,RESULTS,RESULTS,SC-R01;SC-R02;SC-R03;SC-R04,RESULTS_COORDINATOR_REFINED_ACCEPTED,PARTIAL,R-RUN-NOTIF-LIFECYCLE;results/runs.csv;results/evidence/runtime/runtime-facts.json;results-correction.md;results-review.json,results-correction.md;canonical GAP-015/GAP-024/BUG-036/037 where applicable; other existing entries preserved,Match TTL forced in disposable DB; no real waiting or team14day boundary. Preserve accepted TEAM expiry fixture evidence separately.
ONB-001,Первый запуск,CAP-ONB-001,AUTH,AUTH,SC-A01;SC-A02;SC-A03,REFINED,PASS,AUTH-A01;auth/evidence/run-sc-a01.json;auth-review.json,auth/target-spec.md;t-auth-onboarding,First-password success автоматически открыл persisted onboarding
ONB-002,Возможности,CAP-ONB-001,AUTH,AUTH,SC-A01;SC-A02;SC-A03,REFINED,PASS_WITH_HYPOTHESIS,AUTH-A01;auth/evidence/a01-onboarding-step1-390.png;auth/evidence/a01-onboarding-notifications-390.png;auth-review.json,auth/target-spec.md;t-auth-onboarding,Наблюдались все семь тем и путь закрытия; одинаковый смысл «Далее»/«Пропустить» — экспертная гипотеза
ONB-003,Учебный матч,CAP-ONB-001,AUTH,AUTH;JUDGE,SC-A01;SC-A02;SC-A03,RESULTS_COORDINATOR_REFINED_ACCEPTED,PARTIAL,AUTH-A01;auth/evidence/a01-tutorial-entry-390.png;auth-review.json;R-RUN-TUTORIAL;results/runs.csv;results/evidence/runtime/runtime-facts.json;results-correction.md;results-review.json,results-correction.md;canonical GAP-015/GAP-024/BUG-036/037 where applicable; other existing entries preserved,Tutorial completed through API judge lifecycle; not browser judge flow replay. Preserve prior AUTH/pilot evidence where applicable.
ONB-004,Изоляция,CAP-ONB-001,AUTH,AUTH;RESULTS,SC-A01;SC-A02;SC-A03,RESULTS_COORDINATOR_REFINED_ACCEPTED,PASS_SAMPLED,auth-review.json;R-RUN-TUTORIAL;results/runs.csv;results/evidence/runtime/runtime-facts.json;results-correction.md;results-review.json,results-correction.md;canonical GAP-015/GAP-024/BUG-036/037 where applicable; other existing entries preserved,"Before/after history/stats/rank/rival equal and tutorial ID absent; synthetic API lifecycle, no human session."
ONB-005,Повтор,CAP-ONB-001,AUTH,AUTH,SC-A01;SC-A02;SC-A03,RESULTS_COORDINATOR_REFINED_ACCEPTED,PARTIAL,AUTH-A03;auth/evidence/a03-profile-sessions-390.png;auth-review.json;R-RUN-PROFILE-VALIDATION;results/runs.csv;results/evidence/runtime/runtime-facts.json;results-correction.md;results-review.json,results-correction.md;canonical GAP-015/GAP-024/BUG-036/037 where applicable; other existing entries preserved,Restart entry rendered in profile; full repeat onboarding path not run by RESULTS. Prior AUTH coverage preserved.
HELP-001,FAQ,CAP-HELP-001,AUTH,AUTH,SC-A01;SC-A02;SC-A03,REFINED,PASS,AUTH-A03;auth/evidence/a03-help-390.png;auth/evidence/a03-help-load-error-390.png;auth-review.json,auth/target-spec.md;t-auth-help,"Категории загрузились, после 503 retry восстановил FAQ; empty articles response не injected"
HELP-002,Контекстные подсказки,CAP-HELP-001,AUTH,AUTH;MATCH;JUDGE;RESULTS,SC-A01;SC-A02;SC-A03,REFINED,PARTIAL_SOURCE_ONLY,AUTH-A01;auth/evidence/a01-onboarding-notifications-390.png;auth-review.json,auth/target-spec.md;t-auth-onboarding,Onboarding context note наблюдалась; setup/judge/ranking tips проверяют другие packages
HELP-003,Feedback,CAP-HELP-001,AUTH,AUTH,SC-A01;SC-A02;SC-A03,REFINED,PASS_WITH_HYPOTHESIS,AUTH-A03;auth/evidence/a03-feedback-error-390.png;auth-review.json,auth/target-spec.md;t-auth-help,"Все категории есть; текст и ссылка отправлены; 503 сохранил черновик, повтор прошёл; потребность в многострочности — экспертная гипотеза"
